t,p_1,p_2,mob_A,imm_A,diss_A,seal_A,mob_B,imm_B,diss_B,seal_B,M_C,total_CO2_mass
0,111162,105255,0,0,0,0,0,0,0,0,0,1.93E-05
600,111162,105255,0,0,5.12E-38,0,0,0,0,0,2.09E-24,0.000197
1200,111163,105255,4.61E-27,0,2.65E-29,6.70E-53,0,0,0,0,3.64E-18,0.000395
1800,111168,105255,2.20E-05,0,0.000114699,6.24E-05,0,0,8.59E-85,0,7.40E-16,0.000593
2400,111202,105255,4.93E-05,0,0.000253633,0.000146561,0,0,2.33E-74,3.08E-122,1.77E-14,0.00079
3000,111242,105255,9.71E-05,0,0.00037809,0.00018984,0,0,3.68E-70,1.42E-110,1.60E-13,0.000986
3600,111278,105255,0.000173981,0,0.000462502,0.000217346,0,0,4.75E-67,3.08E-105,9.14E-13,0.00117
4200,111347,105255,0.000269947,0,0.000551317,0.000230755,0,0,2.70E-64,3.07E-101,3.84E-12,0.00137
4800,111393,105255,0.000344438,0,0.000663464,0.0002485,0,0,5.54E-62,6.38E-98,1.27E-11,0.00158
5400,111484,105255,0.000501199,0,0.000681623,0.000251055,0,0,5.72E-60,6.06E-95,3.53E-11,0.00177
6000,111531,105255,0.000601153,0,0.0007568,0.000263213,0,0,3.39E-58,1.18E-91,8.80E-11,0.00196
6600,111577,105255,0.000715693,0,0.000828844,0.00026968,0,0,1.29E-56,1.58E-88,2.36E-10,0.00217
7200,111657,105255,0.000905103,0,0.000830928,0.000272894,0,0,3.57E-55,5.04E-86,5.90E-10,0.00239
7800,111724,105255,0.00105171,0,0.000854753,0.000276258,0,0,7.67E-54,1.24E-83,6.06E-09,0.00259
8400,111720,105255,0.00107935,0,0.000933922,0.000276453,0,0,1.24E-52,2.26E-79,6.80E-08,0.00315
9000,111718,105255,0.00107469,0,0.000945986,0.00027657,0,0,1.85E-51,5.75E-77,3.42E-07,0.00336
9600,111751,105255,0.00117822,0,0.000948303,0.000278575,0,0,2.18E-50,3.27E-75,1.03E-06,0.00364
10200,111805,105255,0.00135142,0,0.000975464,0.00028705,0,0,2.17E-49,1.08E-73,1.92E-06,0.00404
10800,111890,105255,0.00154293,0,0.000980833,0.000294184,0,0,1.58E-48,2.51E-72,4.72E-06,0.00444
11400,111926,105255,0.00166717,0,0.0011003,0.000301188,0,0,7.67E-48,4.25E-71,3.27E-05,0.00483
12000,111984,105255,0.00188823,0,0.00111441,0.000307094,0,0,7.15E-41,5.67E-70,9.04E-05,0.00521
12600,112105,105255,0.00215295,0,0.00101848,0.000309376,0,0,5.25E-40,1.77E-67,0.000777215,0.00563
13200,112090,105255,0.00210795,0,0.00110556,0.000309484,1.12E-05,0,0.00032859,2.46E-63,0.00347851,0.00628
13800,112074,105255,0.00207284,0,0.00114731,0.000309546,2.17E-05,0,0.00044358,5.72E-60,0.006298732,0.00654
14400,112093,105255,0.00212212,0,0.00111078,0.000309615,0.000186875,0,0.000642746,2.56E-47,0.009230144,0.00704
15000,112077,105255,0.00208077,0,0.00115802,0.0003097,0.000174321,0,0.000781352,3.15E-45,0.01227508,0.00728
15600,112091,105274,0.00211654,0,0.00113386,0.000309747,0.00033486,0,0.00100698,2.59E-06,0.015439029,0.00779
16200,112076,105279,0.00207731,0,0.001178972,0.000309837,0.00029648,0,0.001315253,3.75E-05,0.018724067,0.00816
16800,112071,105281,0.0020686,0,0.001195688,0.000309894,0.000278062,0,0.001469597,5.20E-05,0.022131982,0.0084
17400,112104,105293,0.00217594,0,0.001171732,0.000309952,0.000493064,0,0.001475533,6.53E-05,0.026047003,0.00881
18000,112103,105296,0.00219722,0,0.00122841,0.00030999,0.000557084,0,0.00164099,8.15E-05,0.031462096,0.00921
18600,112095,105300,0.00213048,0,0.001255074,0.000308498,0.000536993,0,0.001764308,8.65E-05,0.037648908,0.009214
19200,112080,105305,0.00209125,0,0.001263452,0.000308116,0.000580955,0,0.001792522,9.17E-05,0.043963231,0.009218
19800,112071,105306,0.00207447,0,0.001268416,0.000307897,0.00053127,0,0.001863803,9.74E-05,0.050397938,0.009219
20400,112067,105309,0.00206763,0,0.001266531,0.000307758,0.000536196,0,0.001877902,0.000102425,0.056949639,0.009221
21000,112065,105313,0.00206394,0,0.001261666,0.000307674,0.000564675,0,0.00187357,0.000108003,0.063617062,0.009223
21600,112062,105315,0.00206029,0,0.001257281,0.000307623,0.000573549,0,0.001890305,0.000112524,0.07039952,0.009224
22200,112059,105316,0.00205661,0,0.001254803,0.000307603,0.00057845,0,0.001906659,0.000117415,0.077292219,0.009226
22800,112057,105317,0.00205291,0,0.001255572,0.000307593,0.000561459,0,0.00193507,0.000120676,0.084302238,0.009227
23400,112054,105317,0.00204996,0,0.001258698,0.000307595,0.000540964,0,0.001957982,0.000122594,0.091424822,0.009227
24000,112052,105317,0.00204637,0,0.001263188,0.000307599,0.000529355,0,0.001969965,0.000123757,0.098659119,0.009228
24600,112049,105317,0.00204366,0,0.001267211,0.000307609,0.000518246,0,0.00198099,0.00012448,0.105999521,0.009229
25200,112047,105317,0.00204004,0,0.001271662,0.000307621,0.000516717,0,0.001983609,0.000124943,0.113442928,0.009229
25800,112044,105317,0.00203632,0,0.001276178,0.000307637,0.000519108,0,0.001982853,0.000125241,0.120981986,0.00923
26400,112042,105317,0.00203237,0,0.001280893,0.000307659,0.000522431,0,0.001981288,0.000125423,0.128608295,0.009231
27000,112039,105317,0.00202852,0,0.001285553,0.000307677,0.000524698,0,0.001980841,0.00012555,0.136319899,0.009231
27600,112037,105318,0.0020256,0,0.001289304,0.000307698,0.000523363,0,0.001984807,0.000125637,0.144108128,0.009232
28200,112034,105318,0.00202197,0,0.001293729,0.000307721,0.000520902,0,0.001989557,0.000125696,0.151964202,0.009232
28800,112031,105318,0.00201803,0,0.001297945,0.000307745,0.000518331,0,0.00199599,0.000125735,0.159884078,0.009233
29400,112028,105318,0.00201394,0,0.001302658,0.00030777,0.000520515,0,0.00199661,0.000125762,0.167860872,0.009234
30000,112025,105313,0.00200986,0,0.001312687,0.000307796,0.000434862,0,0.002067621,0.000125776,0.175885338,0.009234
30600,112022,105304,0.00200572,0,0.001322597,0.000307821,0.000353877,0,0.002134584,0.000125771,0.183950164,0.009234
31200,112019,105296,0.00200164,0,0.001331923,0.000307849,0.000280809,0,0.002195092,0.000125766,0.192049438,0.009235
31800,112016,105280,0.0019977,0,0.001340198,0.000307876,0.000227038,0,0.002239353,0.000125752,0.20017805,0.009235
32400,112013,105268,0.00199357,0,0.001347727,0.000307908,0.000193064,0,0.002266961,0.000125733,0.208324412,0.009235
33000,112010,105256,0.00198968,0,0.001354006,0.000307938,0.000180055,0,0.002277257,0.000125683,0.216483186,0.009236
33600,112009,105250,0.00198626,0,0.001359596,0.000307968,0.00017381,0,0.002281961,0.000125618,0.224648512,0.009236
34200,112006,105250,0.00198222,0,0.001365586,0.000307998,0.000168329,0,0.002285895,0.000125483,0.232814758,0.009237
34800,112004,105250,0.00197814,0,0.001371692,0.000308029,0.000163438,0,0.002289186,0.000125252,0.240976744,0.009237
35400,112001,105250,0.00197393,0,0.001377931,0.000308057,0.000158311,0,0.002292662,0.000125018,0.249127821,0.009238
36000,112000,105250,0.00196916,0,0.001384672,0.000308091,0.000153406,0,0.002295868,0.000124715,0.257255101,0.009238
36600,111998,105250,0.0019647,0,0.001391208,0.000308126,0.000148868,0,0.002298579,0.000124383,0.265352545,0.009239
37200,111997,105250,0.00196003,0,0.00139795,0.000308163,0.000144443,0,0.002301127,0.000124038,0.273413126,0.009239
37800,111995,105249,0.00195562,0,0.001404505,0.0003082,0.000140041,0,0.00230363,0.000123688,0.281429595,0.009239
38400,111994,105249,0.0019522,0,0.001410354,0.000308238,0.000135776,0,0.002305928,0.000123318,0.289395027,0.00924
39000,111992,105249,0.00194774,0,0.001417072,0.000308278,0.000131671,0,0.00230804,0.000122953,0.297309411,0.00924
39600,111990,105248,0.00194362,0,0.001423578,0.000308319,0.000127688,0,0.002309997,0.000122586,0.305163834,0.009241
40200,111988,105248,0.00193906,0,0.001430416,0.000308361,0.00012367,0,0.002311974,0.000122218,0.312947624,0.009241
40800,111986,105247,0.00193461,0,0.001437239,0.000308404,0.000119619,0,0.002314003,0.000121818,0.320656453,0.009241
41400,111984,105247,0.00192981,0,0.001444375,0.00030845,0.000115725,0,0.002315845,0.000121394,0.328284042,0.009242
42000,111983,105246,0.00192509,0,0.00145145,0.000308498,0.000112405,0,0.002317201,0.000120964,0.33582198,0.009242
42600,111981,105245,0.00192033,0,0.001458598,0.000308547,0.000108879,0,0.002318697,0.000120532,0.343269584,0.009243
43200,111980,105243,0.0019153,0,0.001466012,0.000308591,0.000105277,0,0.00232019,0.000120048,0.350620664,0.009243
43800,111978,105243,0.00191055,0,0.001473207,0.00030862,0.000102012,0,0.0023214,0.000119505,0.357872812,0.009243
44400,111976,105243,0.00190583,0,0.001480303,0.00030865,9.92E-05,0,0.002322104,0.000118929,0.365021906,0.009244
45000,111975,105243,0.00190097,0,0.001487504,0.000308682,9.64E-05,0,0.002322801,0.000118353,0.372061734,0.009244
45600,111973,105244,0.00189605,0,0.001494728,0.000308713,9.36E-05,0,0.002323496,0.000117779,0.378992572,0.009245
46200,111972,105244,0.00189198,0,0.001501223,0.000308748,9.09E-05,0,0.00232423,0.000117209,0.38581931,0.009245
46800,111971,105245,0.00188801,0,0.001507663,0.000308785,8.81E-05,0,0.002324856,0.000116621,0.392543958,0.009245
47400,111970,105246,0.00188429,0,0.001513938,0.000308827,8.55E-05,0,0.002325446,0.000116032,0.399152176,0.009246
48000,111968,105248,0.00187998,0,0.001520666,0.000308872,8.28E-05,0,0.002326014,0.000115451,0.405640712,0.009246
48600,111967,105247,0.00187562,0,0.001527484,0.000308919,8.01E-05,0,0.0023265,0.000114878,0.41200867,0.009246
49200,111965,105248,0.00187124,0,0.00153437,0.000308968,7.75E-05,0,0.002326982,0.000114319,0.418255083,0.009247
49800,111964,105249,0.0018668,0,0.00154131,0.000309015,7.49E-05,0,0.002327337,0.000113694,0.424388053,0.009247
50400,111963,105251,0.00186223,0,0.001548387,0.000309072,7.24E-05,0,0.002327594,0.000113072,0.430405019,0.009247
51000,111962,105252,0.00185728,0,0.001555782,0.000309131,7.00E-05,0,0.002327722,0.000112421,0.436303209,0.009248
51600,111960,105254,0.00185248,0,0.001563101,0.000309194,6.76E-05,0,0.002327795,0.000111733,0.442077931,0.009248
52200,111959,105255,0.00184767,0,0.001570465,0.000309263,6.54E-05,0,0.00232769,0.00011106,0.447729308,0.009248
52800,111957,105256,0.00184277,0,0.001577905,0.000309333,6.32E-05,0,0.002327392,0.000110311,0.453261958,0.009249
53400,111956,105256,0.00183777,0,0.001585466,0.00030941,6.11E-05,0,0.00232698,0.000109534,0.458668987,0.009249
54000,111955,105255,0.00183231,0,0.001593388,0.000309491,5.90E-05,0,0.002326484,0.000108802,0.463950341,0.009249
54600,111954,105255,0.00182683,0,0.001601349,0.000309573,5.70E-05,0,0.00232595,0.000108125,0.469111443,0.00925
55200,111953,105255,0.00182161,0,0.00160914,0.000309659,5.50E-05,0,0.0023253,0.00010741,0.474168549,0.00925
55800,111951,105255,0.0018153,0,0.001617625,0.000309736,5.32E-05,0,0.002324255,0.000106694,0.479134302,0.00925
56400,111950,105255,0.00181006,0,0.001625468,0.000309831,5.17E-05,0,0.002323009,0.000106012,0.48397938,0.009251
57000,111949,105255,0.00180622,0,0.001632304,0.000309928,5.00E-05,0,0.002322025,0.000105349,0.48871108,0.009251
57600,111948,105255,0.0018014,0,0.00163975,0.000310036,4.84E-05,0,0.002320788,0.000104631,0.493330152,0.009251
58200,111947,105255,0.00179682,0,0.001647041,0.000310147,4.71E-05,0,0.002319182,0.0001039,0.497840726,0.009252
58800,111946,105255,0.0017917,0,0.001654757,0.000310264,4.57E-05,0,0.002317644,0.000103182,0.502242677,0.009252
59400,111944,105255,0.00178669,0,0.001662441,0.000310384,4.43E-05,0,0.002315963,0.000102478,0.506598801,0.009252
60000,111943,105255,0.00178184,0,0.001669884,0.000310524,4.31E-05,0,0.002314101,0.00010178,0.510962845,0.009253
60600,111942,105255,0.00177725,0,0.001676855,0.000310664,4.20E-05,0,0.002312238,0.000101091,0.515281163,0.009253
61200,111942,105255,0.00177264,0,0.001683852,0.000310805,4.08E-05,0,0.002310412,0.000100377,0.51951052,0.009253
61800,111941,105255,0.00176819,0,0.001690708,0.000310948,3.97E-05,0,0.002308608,9.97E-05,0.523673901,0.009253
62400,111940,105255,0.00176375,0,0.001697464,0.000311099,3.86E-05,0,0.002306591,9.90E-05,0.527763964,0.009254
63000,111940,105255,0.0017593,0,0.00170431,0.000311255,3.75E-05,0,0.002304562,9.84E-05,0.531773735,0.009254
63600,111939,105255,0.00175527,0,0.001710909,0.000311415,3.65E-05,0,0.00230247,9.76E-05,0.535701371,0.009254
64200,111938,105255,0.00175141,0,0.001717476,0.000311581,3.55E-05,0,0.002300407,9.70E-05,0.539547152,0.009254
64800,111937,105255,0.00174718,0,0.001724188,0.000311751,3.45E-05,0,0.002298233,9.62E-05,0.543339775,0.009255
65400,111937,105255,0.0017428,0,0.001731093,0.000311925,3.36E-05,0,0.002296084,9.56E-05,0.547057359,0.009255
66000,111936,105255,0.00173842,0,0.001738012,0.000312108,3.27E-05,0,0.00229389,9.49E-05,0.550701441,0.009255
66600,111935,105255,0.00173391,0,0.001745068,0.000312295,3.18E-05,0,0.002291715,9.42E-05,0.554274996,0.009256
67200,111935,105255,0.00172946,0,0.001751976,0.000312487,3.08E-05,0,0.002289617,9.34E-05,0.55778273,0.009256
67800,111934,105255,0.00172525,0,0.001758707,0.000312687,2.99E-05,0,0.002287483,9.28E-05,0.561224924,0.009256
68400,111933,105255,0.00172101,0,0.00176552,0.000312891,2.92E-05,0,0.002285083,9.21E-05,0.564625015,0.009256
69000,111933,105255,0.00171672,0,0.001772426,0.000313101,2.86E-05,0,0.002282496,9.15E-05,0.567999537,0.009257
69600,111932,105255,0.00171254,0,0.001779209,0.000313316,2.80E-05,0,0.002279881,9.09E-05,0.57131711,0.009257
70200,111931,105255,0.00170828,0,0.001786055,0.000313537,2.74E-05,0,0.002277292,9.02E-05,0.574565791,0.009257
70800,111930,105255,0.00170403,0,0.001792937,0.000313763,2.68E-05,0,0.002274669,8.96E-05,0.577749907,0.009257
71400,111928,105255,0.00169973,0,0.001799875,0.000313996,2.63E-05,0,0.002271942,8.90E-05,0.580871282,0.009258
72000,111928,105255,0.00169541,0,0.001806901,0.000314234,2.58E-05,0,0.002269272,8.84E-05,0.583950025,0.009258
72600,111927,105255,0.00169123,0,0.001813844,0.000314478,2.53E-05,0,0.002266598,8.78E-05,0.586984539,0.009258
73200,111925,105255,0.00168706,0,0.001820763,0.000314728,2.47E-05,0,0.002263896,8.72E-05,0.58995444,0.009258
73800,111925,105255,0.00168318,0,0.001827496,0.000314983,2.42E-05,0,0.002261237,8.66E-05,0.592872246,0.009259
74400,111924,105255,0.00167995,0,0.001833806,0.000315245,2.36E-05,0,0.002258582,8.59E-05,0.595739712,0.009259
75000,111923,105255,0.00167587,0,0.001840714,0.000315514,2.31E-05,0,0.002255912,8.53E-05,0.598550722,0.009259
75600,111922,105255,0.00167175,0,0.001847717,0.000315788,2.26E-05,0,0.002253093,8.47E-05,0.601319509,0.009259
76200,111921,105255,0.0016681,0,0.001854222,0.000316069,2.23E-05,0,0.00225024,8.41E-05,0.604061729,0.00926
76800,111920,105255,0.00166443,0,0.001860641,0.000316356,2.19E-05,0,0.002247372,8.35E-05,0.606754994,0.00926
77400,111919,105255,0.00166132,0,0.001866383,0.00031665,2.15E-05,0,0.002244591,8.29E-05,0.609396287,0.00926
78000,111919,105255,0.00165805,0,0.001872174,0.00031695,2.12E-05,0,0.002241722,8.23E-05,0.611989509,0.00926
78600,111918,105255,0.00165496,0,0.001877915,0.000317257,2.09E-05,0,0.002238886,8.17E-05,0.61454644,0.009261
79200,111917,105255,0.00165178,0,0.00188375,0.00031757,2.06E-05,0,0.002236038,8.11E-05,0.617068705,0.009261
79800,111916,105255,0.00164854,0,0.001889658,0.00031789,2.03E-05,0,0.002233191,8.05E-05,0.619559401,0.009261
80400,111915,105255,0.00164524,0,0.001895628,0.000318217,1.99E-05,0,0.002230291,8.00E-05,0.622015137,0.009261
81000,111914,105255,0.00164211,0,0.001901569,0.00031855,1.96E-05,0,0.002227417,7.94E-05,0.624434883,0.009262
81600,111913,105255,0.00163873,0,0.001907679,0.00031889,1.94E-05,0,0.002224431,7.89E-05,0.626832521,0.009262
82200,111912,105255,0.00163532,0,0.001913877,0.000319236,1.91E-05,0,0.002221443,7.83E-05,0.629209953,0.009262
82800,111911,105255,0.00163182,0,0.00192015,0.00031959,1.89E-05,0,0.002218484,7.78E-05,0.631558024,0.009262
83400,111910,105255,0.00162832,0,0.001926435,0.00031995,1.87E-05,0,0.002215476,7.73E-05,0.633886391,0.009263
84000,111909,105255,0.00162506,0,0.001932572,0.000320316,1.84E-05,0,0.002212464,7.67E-05,0.636218479,0.009263
84600,111908,105255,0.00162165,0,0.001938737,0.000320689,1.82E-05,0,0.002209471,7.62E-05,0.638556243,0.009263
85200,111906,105255,0.00161818,0,0.001944988,0.000321068,1.79E-05,0,0.002206513,7.57E-05,0.640997253,0.009263
85800,111905,105255,0.00161449,0,0.001951387,0.000321455,1.77E-05,0,0.002203502,7.52E-05,0.643428556,0.009264
86400,111905,105255,0.00161005,0,0.001958315,0.000321849,1.74E-05,0,0.002200516,7.47E-05,0.645874626,0.009264
87000,111904,105255,0.00160614,0,0.001964927,0.00032225,1.72E-05,0,0.002197546,7.42E-05,0.648425215,0.009264
87600,111903,105255,0.00160239,0,0.001971426,0.000322658,1.69E-05,0,0.002194577,7.37E-05,0.651063011,0.009264
88200,111902,105255,0.00159866,0,0.001977916,0.000323072,1.66E-05,0,0.002191588,7.32E-05,0.653697175,0.009265
88800,111902,105255,0.00159453,0,0.001984752,0.000323494,1.64E-05,0,0.00218862,7.27E-05,0.656355162,0.009265
89400,111900,105255,0.00159074,0,0.00199133,0.000323922,1.61E-05,0,0.002185588,7.23E-05,0.659004623,0.009265
90000,111899,105255,0.0015875,0,0.001997557,0.000324357,1.59E-05,0,0.002182545,7.18E-05,0.661712376,0.009265
90600,111898,105255,0.00158368,0,0.002004178,0.000324799,1.58E-05,0,0.002179453,7.13E-05,0.664400791,0.009266
91200,111897,105255,0.00157993,0,0.002010786,0.000325248,1.56E-05,0,0.00217639,7.09E-05,0.667073248,0.009266
91800,111896,105255,0.00157628,0,0.002017351,0.000325704,1.54E-05,0,0.002173328,7.04E-05,0.669754687,0.009266
92400,111895,105255,0.00157246,0,0.002024013,0.000326167,1.53E-05,0,0.002170256,7.00E-05,0.672469719,0.009266
93000,111893,105255,0.00156855,0,0.002030659,0.000326638,1.51E-05,0,0.002167164,6.95E-05,0.675222093,0.009267
93600,111893,105255,0.00156471,0,0.002037265,0.000327114,1.49E-05,0,0.002164168,6.91E-05,0.677959949,0.009267
94200,111892,105255,0.00156085,0,0.002043846,0.000327598,1.47E-05,0,0.002161135,6.86E-05,0.680681379,0.009267
94800,111890,105255,0.00155698,0,0.002050431,0.000328083,1.46E-05,0,0.002158072,6.82E-05,0.68337112,0.009267
95400,111889,105255,0.00155328,0,0.002056902,0.000328577,1.44E-05,0,0.002155078,6.78E-05,0.686025483,0.009268
96000,111887,105255,0.00154958,0,0.002063379,0.000329069,1.42E-05,0,0.002152094,6.74E-05,0.688644217,0.009268
96600,111886,105255,0.00154626,0,0.002069587,0.000329574,1.40E-05,0,0.002149068,6.69E-05,0.691247764,0.009268
97200,111884,105255,0.00154283,0,0.00207597,0.000330098,1.38E-05,0,0.002146102,6.65E-05,0.693840158,0.009269
97800,111883,105255,0.00153907,0,0.002082548,0.000330625,1.37E-05,0,0.002143087,6.61E-05,0.696413266,0.009269
98400,111881,105255,0.00153516,0,0.002089273,0.000331148,1.35E-05,0,0.002140109,6.57E-05,0.698981937,0.009269
99000,111880,105255,0.00153095,0,0.00209622,0.000331683,1.33E-05,0,0.002137121,6.53E-05,0.701530558,0.009269
99600,111879,105255,0.00152705,0,0.002102937,0.000332227,1.31E-05,0,0.002134177,6.49E-05,0.704040481,0.00927
100200,111877,105255,0.00152331,0,0.002109495,0.000332778,1.29E-05,0,0.002131229,6.45E-05,0.706528401,0.00927
100800,111875,105255,0.00151965,0,0.002116022,0.000333334,1.28E-05,0,0.002128248,6.41E-05,0.708979199,0.00927
101400,111874,105255,0.00151585,0,0.002122682,0.000333899,1.26E-05,0,0.002125269,6.37E-05,0.711390758,0.00927
102000,111872,105255,0.0015118,0,0.002129491,0.000334481,1.25E-05,0,0.002122227,6.34E-05,0.713763048,0.009271
102600,111871,105255,0.0015078,0,0.0021363,0.000335065,1.24E-05,0,0.002119235,6.30E-05,0.716112806,0.009271
103200,111870,105255,0.00150381,0,0.002143035,0.000335656,1.22E-05,0,0.002116232,6.26E-05,0.718445482,0.009271
103800,111868,105255,0.00149998,0,0.002149663,0.000336254,1.21E-05,0,0.002113256,6.22E-05,0.720750926,0.009271
104400,111866,105255,0.00149617,0,0.002156234,0.000336807,1.19E-05,0,0.002110277,6.19E-05,0.723026033,0.009272
105000,111864,105255,0.00149211,0,0.002162962,0.000337333,1.18E-05,0,0.002107331,6.15E-05,0.725281319,0.009272
105600,111863,105255,0.00148824,0,0.002169606,0.000337885,1.17E-05,0,0.002104413,6.11E-05,0.727492053,0.009272
106200,111860,105255,0.00148451,0,0.002176074,0.000338444,1.15E-05,0,0.002101522,6.08E-05,0.729673839,0.009272
106800,111858,105255,0.0014806,0,0.002182606,0.000339002,1.14E-05,0,0.002098601,6.04E-05,0.731826525,0.009273
107400,111857,105255,0.00147683,0,0.002188997,0.000339573,1.13E-05,0,0.002095677,6.01E-05,0.73393733,0.009273
108000,111855,105255,0.00147311,0,0.002195359,0.000340153,1.12E-05,0,0.002092771,5.97E-05,0.736002758,0.009273
108600,111853,105255,0.00146944,0,0.002201701,0.000340741,1.11E-05,0,0.002089882,5.94E-05,0.738036251,0.009274
109200,111850,105255,0.0014658,0,0.002207998,0.000341339,1.09E-05,0,0.00208699,5.90E-05,0.740061398,0.009274
109800,111848,105255,0.00146224,0,0.002214209,0.000341944,1.09E-05,0,0.002084085,5.87E-05,0.742046221,0.009274
110400,111846,105255,0.00145846,0,0.002220594,0.000342558,1.08E-05,0,0.002081234,5.83E-05,0.744071098,0.009274
111000,111844,105255,0.00145481,0,0.002226853,0.000343179,1.07E-05,0,0.002078334,5.80E-05,0.746093113,0.009275
111600,111842,105255,0.00145117,0,0.002233129,0.000343807,1.06E-05,0,0.002075455,5.77E-05,0.748087425,0.009275
112200,111839,105255,0.00144756,0,0.002239399,0.000344399,1.05E-05,0,0.002072652,5.73E-05,0.750122243,0.009275
112800,111837,105255,0.00144406,0,0.00224558,0.000345001,1.04E-05,0,0.002069828,5.70E-05,0.752109922,0.009275
113400,111835,105255,0.00144051,0,0.002251787,0.000345611,1.03E-05,0,0.002066999,5.67E-05,0.754063592,0.009276
114000,111833,105255,0.00143684,0,0.002258093,0.00034623,1.02E-05,0,0.002064179,5.64E-05,0.755969822,0.009276
114600,111832,105255,0.00143365,0,0.002264051,0.000346861,1.01E-05,0,0.00206136,5.61E-05,0.757833262,0.009276
115200,111831,105255,0.00143062,0,0.002269753,0.000347498,1.00E-05,0,0.002058637,5.57E-05,0.759720298,0.009276
115800,111829,105255,0.00142732,0,0.002275581,0.000348142,9.96E-06,0,0.002055876,5.54E-05,0.761607253,0.009277
116400,111828,105255,0.00142394,0,0.002281502,0.000348795,9.87E-06,0,0.002053146,5.51E-05,0.763471312,0.009277
117000,111827,105255,0.00142027,0,0.002287632,0.00034946,9.78E-06,0,0.002050409,5.48E-05,0.765299732,0.009277
117600,111826,105255,0.00141663,0,0.002293721,0.000350131,9.69E-06,0,0.002047651,5.45E-05,0.767076947,0.009277
118200,111824,105255,0.00141316,0,0.002299755,0.000350808,9.60E-06,0,0.002044947,5.42E-05,0.76882498,0.009278
118800,111823,105255,0.00140959,0,0.002305846,0.000351492,9.51E-06,0,0.002042227,5.39E-05,0.770520248,0.009278
119400,111821,105255,0.00140597,0,0.002311994,0.000352183,9.42E-06,0,0.002039525,5.36E-05,0.772162279,0.009278
120000,111820,105255,0.00140235,0,0.002318181,0.000352891,9.32E-06,0,0.002036825,5.33E-05,0.77378959,0.009278
120600,111818,105255,0.00139858,0,0.002324441,0.000353602,9.23E-06,0,0.002034108,5.30E-05,0.77540435,0.009279
121200,111817,105255,0.00139496,0,0.002330604,0.000354319,9.13E-06,0,0.002031399,5.27E-05,0.777051952,0.009279
121800,111815,105255,0.00139135,0,0.0023367,0.000355038,9.03E-06,0,0.002028723,5.25E-05,0.77868797,0.009279
122400,111813,105255,0.00138784,0,0.002342743,0.000355783,8.94E-06,0,0.002026069,5.22E-05,0.780339059,0.009279
123000,111811,105255,0.00138416,0,0.002348932,0.000356534,8.84E-06,0,0.002023442,5.19E-05,0.782003022,0.00928
123600,111809,105255,0.00138044,0,0.002355102,0.00035729,8.74E-06,0,0.002020776,5.16E-05,0.783656469,0.00928
124200,111807,105255,0.00137669,0,0.002361314,0.000358053,8.64E-06,0,0.002018133,5.13E-05,0.785300054,0.00928
124800,111806,105255,0.00137292,0,0.002367553,0.000358791,8.53E-06,0,0.002015515,5.11E-05,0.786912737,0.00928
125400,111805,105255,0.00136896,0,0.002373916,0.00035952,8.44E-06,0,0.002012892,5.08E-05,0.78858577,0.009281
126000,111803,105255,0.00136516,0,0.002380198,0.000360254,8.35E-06,0,0.002010303,5.05E-05,0.790275982,0.009281
126600,111801,105255,0.00136139,0,0.002386431,0.000360997,8.25E-06,0,0.002007704,5.02E-05,0.7920169,0.009281
127200,111799,105255,0.00135756,0,0.002392693,0.000361747,8.16E-06,0,0.002005091,5.00E-05,0.793770409,0.009281
127800,111797,105255,0.00135369,0,0.002399005,0.000362505,8.06E-06,0,0.002002506,4.97E-05,0.795527557,0.009282
128400,111796,105255,0.00134968,0,0.002405438,0.000363271,7.97E-06,0,0.001999939,4.95E-05,0.797275177,0.009282
129000,111795,105255,0.00134566,0,0.002411853,0.000364045,7.87E-06,0,0.001997355,4.92E-05,0.798989655,0.009282
129600,111794,105255,0.0013414,0,0.002418482,0.000364825,7.77E-06,0,0.001994807,4.89E-05,0.800676803,0.009282
130200,111792,105255,0.00133733,0,0.002424973,0.000365614,7.67E-06,0,0.001992264,4.87E-05,0.802383563,0.009283
130800,111791,105255,0.00133324,0,0.002431439,0.000366407,7.56E-06,0,0.001989691,4.84E-05,0.804108995,0.009283
131400,111790,105255,0.00132908,0,0.002437965,0.000367174,7.46E-06,0,0.001987166,4.82E-05,0.805907097,0.009283
132000,111788,105255,0.00132524,0,0.002444178,0.000367948,7.35E-06,0,0.001984657,4.79E-05,0.807695933,0.009283
132600,111787,105255,0.00132137,0,0.002450446,0.000368728,7.25E-06,0,0.001982167,4.77E-05,0.809459544,0.009284
133200,111785,105255,0.00131746,0,0.002456698,0.000369517,7.14E-06,0,0.001979656,4.74E-05,0.811187505,0.009284
133800,111783,105255,0.00131354,0,0.002463029,0.000370321,7.03E-06,0,0.001977193,4.72E-05,0.812896715,0.009284
134400,111782,105255,0.00130959,0,0.002469372,0.000371127,6.92E-06,0,0.001974713,4.69E-05,0.814676493,0.009284
135000,111780,105255,0.00130561,0,0.002475704,0.000371939,6.81E-06,0,0.001972211,4.67E-05,0.816497184,0.009285
135600,111779,105255,0.0013016,0,0.002482134,0.000372756,6.69E-06,0,0.001969775,4.65E-05,0.818334672,0.009285
136200,111777,105255,0.00129759,0,0.002488522,0.000373579,6.58E-06,0,0.001967306,4.62E-05,0.820231071,0.009285
136800,111776,105255,0.00129349,0,0.002495012,0.000374414,6.46E-06,0,0.001964868,4.60E-05,0.822122903,0.009285
137400,111775,105255,0.00128949,0,0.00250144,0.000375249,6.34E-06,0,0.00196243,4.58E-05,0.82403311,0.009286
138000,111773,105255,0.00128569,0,0.002507715,0.000376056,6.22E-06,0,0.001960015,4.55E-05,0.825968955,0.009286
138600,111772,105255,0.00128158,0,0.002514198,0.000376865,6.10E-06,0,0.001957631,4.53E-05,0.827887115,0.009286
139200,111770,105255,0.0012777,0,0.002520417,0.000377684,5.98E-06,0,0.001955254,4.51E-05,0.829772608,0.009286
139800,111769,105255,0.00127387,0,0.002526555,0.000378505,5.85E-06,0,0.001952894,4.48E-05,0.831611718,0.009287
140400,111768,105255,0.00126987,0,0.002532812,0.000379339,5.73E-06,0,0.001950569,4.46E-05,0.833404268,0.009287
141000,111767,105255,0.00126581,0,0.002539105,0.000380182,5.61E-06,0,0.001948232,4.44E-05,0.835155,0.009287
141600,111766,105255,0.00126178,0,0.002545329,0.000381035,5.49E-06,0,0.001945905,4.42E-05,0.836864228,0.009287
142200,111767,105255,0.00125724,0,0.002551872,0.000381897,5.37E-06,0,0.001943583,4.40E-05,0.83859497,0.009288
142800,111766,105255,0.00125324,0,0.002558119,0.000382767,5.25E-06,0,0.00194129,4.37E-05,0.840325586,0.009288
143400,111764,105255,0.0012493,0,0.002564312,0.000383644,5.14E-06,0,0.001938975,4.35E-05,0.842058569,0.009288
144000,111763,105255,0.00124536,0,0.002570542,0.00038453,5.03E-06,0,0.001936678,4.33E-05,0.843803914,0.009288
144600,111762,105255,0.00124139,0,0.002576826,0.000385424,4.96E-06,0,0.001934356,4.31E-05,0.845546092,0.009289
145200,111761,105255,0.00123746,0,0.002583073,0.000386324,4.89E-06,0,0.001932006,4.29E-05,0.847279395,0.009289
145800,111760,105255,0.00123334,0,0.002589435,0.000387231,4.83E-06,0,0.001929653,4.27E-05,0.848984774,0.009289
146400,111759,105255,0.0012294,0,0.002595703,0.000388144,4.77E-06,0,0.001927334,4.25E-05,0.850671399,0.009289
147000,111758,105255,0.00122629,0,0.002601454,0.000389056,4.70E-06,0,0.001925021,4.23E-05,0.852313674,0.00929
147600,111758,105255,0.00122219,0,0.002607828,0.000389962,4.63E-06,0,0.00192274,4.20E-05,0.853927688,0.00929
148200,111757,105255,0.00121822,0,0.002614067,0.000390877,4.57E-06,0,0.001920435,4.18E-05,0.855526958,0.00929
148800,111756,105255,0.00121405,0,0.002620457,0.000391795,4.50E-06,0,0.001918184,4.16E-05,0.857140314,0.00929
149400,111755,105255,0.00120975,0,0.002626931,0.000392722,4.43E-06,0,0.001915932,4.14E-05,0.858711361,0.009291
150000,111754,105255,0.00120579,0,0.002633181,0.000393656,4.36E-06,0,0.001913696,4.12E-05,0.860293688,0.009291
150600,111753,105255,0.00120193,0,0.00263926,0.000394595,4.29E-06,0,0.001911443,4.10E-05,0.861850639,0.009291
151200,111752,105255,0.00119813,0,0.002645267,0.000395541,4.22E-06,0,0.001909191,4.09E-05,0.863391103,0.009291
151800,111751,105255,0.00119424,0,0.002651394,0.000396493,4.14E-06,0,0.001906976,4.07E-05,0.864919178,0.009292
152400,111750,105255,0.00119041,0,0.002657485,0.000397452,4.07E-06,0,0.001904768,4.05E-05,0.866408507,0.009292
153000,111749,105255,0.00118661,0,0.002663556,0.000398418,3.99E-06,0,0.001902595,4.03E-05,0.86784949,0.009292
153600,111748,105255,0.00118278,0,0.002669519,0.000399392,3.91E-06,0,0.001900381,4.01E-05,0.869248673,0.009292
154200,111747,105255,0.00117931,0,0.002675218,0.000400372,3.83E-06,0,0.00189826,3.99E-05,0.870680292,0.009293
154800,111746,105255,0.00117576,0,0.002680849,0.00040136,3.75E-06,0,0.001896083,3.97E-05,0.872091202,0.009293
155400,111745,105255,0.0011723,0,0.002686439,0.000402354,3.66E-06,0,0.001893977,3.95E-05,0.873482938,0.009293
156000,111744,105255,0.00116885,0,0.002692016,0.000403355,3.58E-06,0,0.001891877,3.93E-05,0.874834622,0.009293
156600,111744,105255,0.00116542,0,0.00269754,0.000404364,3.49E-06,0,0.001889745,3.91E-05,0.876147289,0.009294
157200,111743,105255,0.00116187,0,0.002703167,0.000405379,3.39E-06,0,0.001887628,3.90E-05,0.877434079,0.009294
157800,111742,105255,0.00115832,0,0.002708828,0.000406402,3.30E-06,0,0.001885531,3.88E-05,0.878722077,0.009294
158400,111741,105255,0.00115466,0,0.002714587,0.000407431,3.21E-06,0,0.001883447,3.86E-05,0.880011061,0.009294
159000,111740,105255,0.0011511,0,0.002720291,0.000408467,3.11E-06,0,0.001881369,3.84E-05,0.881375142,0.009295
159600,111739,105255,0.0011476,0,0.002725991,0.00040951,3.05E-06,0,0.001879261,3.82E-05,0.882713319,0.009295
160200,111739,105255,0.00114469,0,0.002731314,0.00041056,2.99E-06,0,0.001877129,3.81E-05,0.884015687,0.009295
160800,111738,105255,0.00114126,0,0.002737048,0.000411617,2.94E-06,0,0.001875063,3.79E-05,0.885287705,0.009295
161400,111737,105255,0.00113778,0,0.002742794,0.00041268,2.88E-06,0,0.001872964,3.77E-05,0.886558316,0.009295
162000,111736,105255,0.00113427,0,0.00274854,0.000413761,2.82E-06,0,0.001870846,3.76E-05,0.887853193,0.009296
162600,111735,105255,0.00113078,0,0.002754278,0.000414842,2.77E-06,0,0.001868747,3.74E-05,0.889143975,0.009296
163200,111734,105255,0.00112741,0,0.002759883,0.000415926,2.71E-06,0,0.00186668,3.72E-05,0.890404876,0.009296
163800,111733,105255,0.00112405,0,0.002765475,0.000417015,2.65E-06,0,0.001864615,3.70E-05,0.891603534,0.009296
164400,111732,105255,0.00112094,0,0.002770929,0.000418108,2.60E-06,0,0.001862534,3.69E-05,0.892786239,0.009297
165000,111731,105255,0.00111843,0,0.002775914,0.00041919,2.55E-06,0,0.001860462,3.67E-05,0.893943286,0.009297
165600,111730,105255,0.00111499,0,0.002781523,0.000420279,2.50E-06,0,0.001858421,3.65E-05,0.895116651,0.009297
166200,111729,105255,0.00111172,0,0.002787055,0.000421375,2.46E-06,0,0.001856397,3.64E-05,0.896250247,0.009297
166800,111728,105255,0.00110853,0,0.002792416,0.000422479,2.41E-06,0,0.001854351,3.62E-05,0.897413632,0.009298
167400,111726,105255,0.00110521,0,0.002797905,0.00042359,2.36E-06,0,0.001852325,3.60E-05,0.898607823,0.009298
168000,111725,105255,0.0011021,0,0.002803275,0.000424706,2.30E-06,0,0.0018503,3.59E-05,0.899779286,0.009298
168600,111724,105255,0.00109892,0,0.00280869,0.000425829,2.25E-06,0,0.001848302,3.57E-05,0.90097824,0.009298
169200,111723,105255,0.00109569,0,0.002814138,0.00042696,2.20E-06,0,0.00184631,3.56E-05,0.902196995,0.009298
169800,111722,105255,0.00109239,0,0.002819615,0.000428097,2.14E-06,0,0.001844321,3.54E-05,0.903501274,0.009299
170400,111721,105255,0.00108927,0,0.002824908,0.000429241,2.09E-06,0,0.001842349,3.52E-05,0.904780685,0.009299
171000,111720,105255,0.00108612,0,0.002830159,0.000430391,2.03E-06,0,0.001840411,3.51E-05,0.906034758,0.009299
171600,111719,105255,0.00108304,0,0.002835391,0.000431549,1.97E-06,0,0.001838472,3.49E-05,0.90725385,0.009299
172200,111718,105255,0.00108011,0,0.002840496,0.000432713,1.91E-06,0,0.001836523,3.48E-05,0.908468867,0.0093
172800,111717,105255,0.00107727,0,0.002845603,0.000433883,1.85E-06,0,0.001834603,3.46E-05,0.909680241,0.0093
173400,111716,105255,0.00107438,0,0.002850713,0.000435059,1.79E-06,0,0.001832654,3.45E-05,0.910875261,0.0093
174000,111715,105255,0.00107145,0,0.002855924,0.000436243,1.73E-06,0,0.00183075,3.43E-05,0.912096465,0.0093
174600,111714,105255,0.0010685,0,0.002861136,0.000437435,1.66E-06,0,0.001828827,3.42E-05,0.913335435,0.0093
175200,111713,105255,0.00106551,0,0.002866407,0.000438634,1.60E-06,0,0.001826913,3.40E-05,0.914631952,0.009301
175800,111712,105255,0.00106239,0,0.002871764,0.000439842,1.53E-06,0,0.001825005,3.39E-05,0.915953032,0.009301
176400,111711,105255,0.00105989,0,0.002876784,0.000441057,1.47E-06,0,0.001823096,3.37E-05,0.917302143,0.009301
177000,111711,105255,0.00105688,0,0.002882126,0.000442281,1.40E-06,0,0.001821188,3.36E-05,0.918682907,0.009301
177600,111709,105255,0.00105376,0,0.002887549,0.00044351,1.33E-06,0,0.001819287,3.34E-05,0.920037961,0.009302
178200,111708,105255,0.00105058,0,0.00289298,0.000444745,1.26E-06,0,0.0018174,3.33E-05,0.921375199,0.009302
178800,111707,105255,0.00104745,0,0.002898405,0.000445986,1.18E-06,0,0.001815534,3.32E-05,0.922706143,0.009302
179400,111705,105255,0.00104426,0,0.002903854,0.000447233,1.11E-06,0,0.001813647,3.30E-05,0.924030706,0.009302
180000,111704,105255,0.00104101,0,0.002909392,0.000448488,1.04E-06,0,0.001811796,3.29E-05,0.925322608,0.009303
180600,111703,105255,0.00103784,0,0.002914881,0.000449749,9.58E-07,0,0.001809935,3.27E-05,0.926590503,0.009303
181200,111701,105255,0.00103473,0,0.002920295,0.000451017,8.81E-07,0,0.001808081,3.26E-05,0.927836088,0.009303
181800,111699,105255,0.00103159,0,0.002925693,0.000452291,8.01E-07,0,0.001806219,3.25E-05,0.929078377,0.009303
182400,111698,105255,0.00102841,0,0.002931182,0.000453571,7.25E-07,0,0.001804382,3.23E-05,0.930339241,0.009303
183000,111697,105255,0.00102484,0,0.002936922,0.00045486,6.78E-07,0,0.001802508,3.22E-05,0.931593102,0.009304
183600,111696,105255,0.00102192,0,0.002942185,0.000456133,6.49E-07,0,0.00180061,3.21E-05,0.932834367,0.009304
184200,111694,105255,0.00101885,0,0.002947563,0.000457404,6.25E-07,0,0.001798732,3.19E-05,0.93406501,0.009304
184800,111693,105255,0.00101563,0,0.002953054,0.000458683,6.01E-07,0,0.001796866,3.18E-05,0.935253431,0.009304
185400,111692,105255,0.00101242,0,0.002958466,0.000459969,5.76E-07,0,0.001794955,3.17E-05,0.936446401,0.009305
186000,111691,105255,0.00100922,0,0.002963962,0.000461261,5.50E-07,0,0.001793087,3.15E-05,0.937612843,0.009305
186600,111690,105255,0.00100605,0,0.002969496,0.000462561,5.27E-07,0,0.001791239,3.14E-05,0.938766025,0.009305
187200,111688,105255,0.00100282,0,0.00297503,0.000463867,5.14E-07,0,0.001789367,3.13E-05,0.939954283,0.009305
187800,111687,105255,0.000999576,0,0.002980596,0.00046518,5.00E-07,0,0.001787498,3.12E-05,0.941146048,0.009305
188400,111685,105255,0.000996295,0,0.002986176,0.000466501,4.86E-07,0,0.001785622,3.10E-05,0.942310593,0.009306
189000,111683,105255,0.000992988,0,0.002991771,0.000467829,4.71E-07,0,0.001783746,3.09E-05,0.943459282,0.009306
189600,111682,105255,0.000989634,0,0.002997431,0.000469162,4.56E-07,0,0.001781885,3.08E-05,0.944602557,0.009306
190200,111680,105255,0.000986394,0,0.003002983,0.000470503,4.40E-07,0,0.001780053,3.07E-05,0.945725412,0.009306
190800,111679,105255,0.000983128,0,0.003008503,0.00047185,4.24E-07,0,0.001778194,3.05E-05,0.946829853,0.009307
191400,111677,105255,0.000979991,0,0.003013988,0.000473204,4.07E-07,0,0.00177637,3.04E-05,0.947925956,0.009307
192000,111675,105255,0.000976887,0,0.003019452,0.000474565,3.90E-07,0,0.001774545,3.03E-05,0.949038265,0.009307
192600,111674,105255,0.000973873,0,0.003024845,0.000475933,3.72E-07,0,0.001772746,3.02E-05,0.950177969,0.009307
193200,111672,105255,0.000970835,0,0.00303017,0.000477309,3.54E-07,0,0.001770921,3.01E-05,0.951258477,0.009307
193800,111671,105255,0.000967759,0,0.003035622,0.000478692,3.35E-07,0,0.001769147,2.99E-05,0.952329453,0.009308
194400,111670,105255,0.000964667,0,0.003041009,0.000480082,3.15E-07,0,0.001767328,2.98E-05,0.953433861,0.009308
195000,111668,105255,0.00096158,0,0.003046455,0.000481479,2.95E-07,0,0.001765548,2.97E-05,0.954533061,0.009308
195600,111667,105255,0.000958398,0,0.003051917,0.000482882,2.74E-07,0,0.001763737,2.96E-05,0.955577404,0.009308
196200,111665,105255,0.00095543,0,0.003057247,0.000484292,2.52E-07,0,0.001761979,2.95E-05,0.956584433,0.009309
196800,111664,105255,0.00095251,0,0.00306246,0.000485709,2.30E-07,0,0.001760212,2.94E-05,0.957561559,0.009309
197400,111662,105255,0.000949615,0,0.003067659,0.000487133,2.07E-07,0,0.001758468,2.93E-05,0.958517794,0.009309
198000,111660,105255,0.00094669,0,0.003072851,0.000488564,1.84E-07,0,0.001756714,2.91E-05,0.959461733,0.009309
198600,111659,105255,0.000943725,0,0.003078104,0.000490002,1.59E-07,0,0.001754969,2.90E-05,0.960386333,0.009309
199200,111658,105255,0.000940642,0,0.003083444,0.000491449,1.34E-07,0,0.00175324,2.89E-05,0.961277931,0.00931
199800,111657,105255,0.000937707,0,0.003088595,0.000492903,1.08E-07,0,0.001751499,2.88E-05,0.962144056,0.00931
200400,111655,105255,0.000934876,0,0.003093719,0.000494363,8.10E-08,0,0.001749778,2.87E-05,0.963001889,0.00931
201000,111654,105255,0.000931976,0,0.003098833,0.00049583,5.33E-08,0,0.001748037,2.86E-05,0.96384371,0.00931
201600,111652,105255,0.000929058,0,0.003104014,0.000497302,2.46E-08,0,0.00174632,2.85E-05,0.964669434,0.009311
202200,111650,105255,0.000926149,0,0.003109193,0.000498781,3.43E-17,0,0.001744608,2.84E-05,0.965477165,0.009311
202800,111648,105255,0.000923239,0,0.003114342,0.000500267,3.43E-17,0,0.001742864,2.83E-05,0.966247051,0.009311
203400,111647,105255,0.000920313,0,0.003119506,0.000501759,3.43E-17,0,0.00174112,2.82E-05,0.967000313,0.009311
204000,111645,105255,0.000917367,0,0.003124747,0.000503259,3.43E-17,0,0.00173941,2.81E-05,0.96775729,0.009311
204600,111644,105255,0.000914314,0,0.003129995,0.000504765,3.43E-17,0,0.001737666,2.80E-05,0.968501356,0.009312
205200,111642,105255,0.000911317,0,0.003135236,0.000506278,3.43E-17,0,0.001735944,2.79E-05,0.969244279,0.009312
205800,111641,105255,0.000908304,0,0.003140503,0.000507798,3.43E-17,0,0.001734225,2.78E-05,0.969956486,0.009312
206400,111639,105255,0.000905274,0,0.003145762,0.000509324,3.43E-17,0,0.0017325,2.77E-05,0.970650972,0.009312
207000,111637,105255,0.000902197,0,0.00315108,0.000510856,3.43E-17,0,0.00173079,2.76E-05,0.971339218,0.009312
207600,111636,105255,0.000899113,0,0.003156399,0.000512387,3.43E-17,0,0.001729087,2.75E-05,0.971996941,0.009313
208200,111635,105255,0.000896051,0,0.003161692,0.000513907,3.43E-17,0,0.001727398,2.74E-05,0.972643637,0.009313
208800,111633,105255,0.000893034,0,0.003166931,0.000515435,3.43E-17,0,0.001725696,2.73E-05,0.973328567,0.009313
209400,111631,105255,0.000889966,0,0.003172198,0.000516969,3.43E-17,0,0.001723992,2.72E-05,0.973998879,0.009313
210000,111631,105255,0.000886785,0,0.003177565,0.000518511,3.43E-17,0,0.0017223,2.71E-05,0.97462632,0.009314
210600,111629,105255,0.000883847,0,0.003182732,0.000520059,3.43E-17,0,0.001720633,2.71E-05,0.975243359,0.009314
211200,111627,105255,0.00088091,0,0.003187836,0.000521614,3.43E-17,0,0.001718932,2.70E-05,0.975838591,0.009314
211800,111626,105255,0.0008779,0,0.003193064,0.000523175,3.43E-17,0,0.00171728,2.69E-05,0.976404015,0.009314
212400,111624,105255,0.000874937,0,0.003198196,0.000524743,3.43E-17,0,0.001715591,2.68E-05,0.976942606,0.009314
213000,111622,105255,0.000871992,0,0.003203382,0.000526318,3.43E-17,0,0.001713947,2.67E-05,0.977459361,0.009315
213600,111621,105255,0.0008691,0,0.003208489,0.000527899,3.43E-17,0,0.001712279,2.66E-05,0.97793408,0.009315
214200,111619,105255,0.000866161,0,0.003213616,0.000529487,3.43E-17,0,0.001710631,2.65E-05,0.978347044,0.009315
214800,111618,105255,0.000863255,0,0.003218728,0.000531081,3.43E-17,0,0.001708988,2.65E-05,0.978746179,0.009315
215400,111616,105255,0.000860324,0,0.003223862,0.000532682,3.43E-17,0,0.001707347,2.64E-05,0.979101097,0.009316
216000,111615,105255,0.000857497,0,0.003228951,0.000534291,3.43E-17,0,0.001705715,2.63E-05,0.979435123,0.009316
216600,111614,105255,0.000854594,0,0.003234048,0.000535906,3.43E-17,0,0.001704063,2.62E-05,0.979717936,0.009316
217200,111612,105255,0.000851655,0,0.003239198,0.000537526,3.43E-17,0,0.001702428,2.61E-05,0.979983038,0.009316
217800,111611,105255,0.000848685,0,0.003244374,0.000539153,3.43E-17,0,0.001700799,2.61E-05,0.980175165,0.009316
218400,111610,105255,0.000845591,0,0.003249651,0.000540786,3.43E-17,0,0.001699177,2.60E-05,0.980309702,0.009317
219000,111609,105255,0.000842576,0,0.003254843,0.000542426,3.43E-17,0,0.001697541,2.59E-05,0.980402742,0.009317
219600,111607,105255,0.000839586,0,0.003260041,0.000544071,3.43E-17,0,0.001695911,2.58E-05,0.980435102,0.009317
220200,111606,105255,0.000836532,0,0.003265298,0.000545722,3.43E-17,0,0.001694294,2.58E-05,0.980391812,0.009317
220800,111605,105255,0.000833429,0,0.003270574,0.000547379,3.43E-17,0,0.001692673,2.57E-05,0.980308844,0.009317
221400,111603,105255,0.000830354,0,0.003275857,0.000549042,3.43E-17,0,0.001691068,2.56E-05,0.980190581,0.009318
222000,111602,105255,0.000828011,0,0.003280719,0.000550711,3.43E-17,0,0.001689454,2.56E-05,0.980005531,0.009318
222600,111601,105255,0.000824949,0,0.003286527,0.000552385,3.43E-17,0,0.001688113,2.55E-05,0.979769695,0.009318
223200,111600,105255,0.000821909,0,0.003291616,0.000554066,3.43E-17,0,0.001686408,2.54E-05,0.97946975,0.009318
223800,111598,105255,0.000818885,0,0.00329701,0.000555754,3.43E-17,0,0.001684862,2.54E-05,0.97913231,0.009319
224400,111597,105255,0.000815891,0,0.003302334,0.000557447,3.43E-17,0,0.001683291,2.53E-05,0.978718955,0.009319
225000,111596,105255,0.000812837,0,0.003307264,0.000559149,3.43E-17,0,0.001681505,2.52E-05,0.978306309,0.009319
225600,111595,105255,0.000809628,0,0.003312672,0.000560854,3.43E-17,0,0.00167992,2.52E-05,0.977866719,0.009319
226200,111593,105255,0.000806502,0,0.003317991,0.000562564,3.43E-17,0,0.001678312,2.51E-05,0.977380307,0.009319
226800,111592,105255,0.000803286,0,0.003323414,0.000564278,3.43E-17,0,0.001676732,2.50E-05,0.976800456,0.00932
227400,111591,105255,0.000799784,0,0.003329016,0.000565999,3.43E-17,0,0.001675158,2.50E-05,0.976134147,0.00932
228000,111590,105255,0.000796446,0,0.003334609,0.000567724,3.43E-17,0,0.001673634,2.49E-05,0.975415418,0.00932
228600,111589,105255,0.000792951,0,0.003340177,0.000569456,3.43E-17,0,0.001672047,2.49E-05,0.974624818,0.00932
229200,111588,105255,0.000789631,0,0.003345708,0.000571192,3.43E-17,0,0.001670496,2.48E-05,0.973766241,0.009321
229800,111587,105255,0.000786036,0,0.003351413,0.000572933,3.43E-17,0,0.001668958,2.48E-05,0.972809281,0.009321
230400,111586,105255,0.000782325,0,0.003357211,0.00057468,3.43E-17,0,0.001667426,2.47E-05,0.971812704,0.009321
231000,111585,105255,0.000778851,0,0.003363241,0.00057643,3.43E-17,0,0.001666074,2.46E-05,0.97074979,0.009321
231600,111583,105255,0.000775365,0,0.003369312,0.000578187,3.43E-17,0,0.001664735,2.46E-05,0.96960671,0.009321
232200,111582,105255,0.000772316,0,0.003375125,0.000579952,3.43E-17,0,0.001663393,2.45E-05,0.968415012,0.009322
232800,111581,105255,0.000768784,0,0.003381239,0.000581723,3.43E-17,0,0.001662059,2.45E-05,0.967184279,0.009322
233400,111580,105255,0.000765162,0,0.003387448,0.0005835,3.43E-17,0,0.001660748,2.44E-05,0.965882078,0.009322
234000,111578,105255,0.000761441,0,0.003393802,0.00058528,3.43E-17,0,0.001659489,2.44E-05,0.964540308,0.009322
234600,111577,105255,0.00075761,0,0.003400232,0.000587067,3.43E-17,0,0.001658244,2.43E-05,0.963189421,0.009322
235200,111576,105255,0.000754199,0,0.003406304,0.00058886,3.43E-17,0,0.001657007,2.43E-05,0.961778557,0.009323
235800,111574,105255,0.000750934,0,0.00341227,0.000590658,3.43E-17,0,0.001655779,2.43E-05,0.960296762,0.009323
236400,111573,105255,0.000747603,0,0.003418291,0.000592459,3.43E-17,0,0.001654574,2.42E-05,0.95878672,0.009323
237000,111572,105255,0.000744334,0,0.003424259,0.00059426,3.43E-17,0,0.001653375,2.42E-05,0.957236657,0.009323
237600,111571,105255,0.000741085,0,0.003430202,0.000596039,3.43E-17,0,0.001652185,2.41E-05,0.955631846,0.009323
238200,111570,105255,0.00073786,0,0.003436149,0.000597822,3.43E-17,0,0.001651003,2.41E-05,0.954003679,0.009323
238800,111569,105255,0.000734625,0,0.00344211,0.000599609,3.43E-17,0,0.001649826,2.40E-05,0.952335122,0.009324
239400,111568,105255,0.000731282,0,0.003448134,0.000601398,3.43E-17,0,0.001648649,2.40E-05,0.950644884,0.009324
240000,111567,105255,0.00072814,0,0.003453998,0.000603192,3.43E-17,0,0.001647486,2.40E-05,0.948921135,0.009324
240600,111565,105255,0.000725105,0,0.003459721,0.000604989,3.43E-17,0,0.001646325,2.39E-05,0.947150242,0.009324
241200,111564,105255,0.000721981,0,0.003465507,0.000606789,3.43E-17,0,0.001645172,2.39E-05,0.945362435,0.009324
241800,111563,105255,0.000718861,0,0.003471314,0.000608592,3.43E-17,0,0.001644034,2.39E-05,0.943536774,0.009324
242400,111562,105255,0.000715781,0,0.003477057,0.000610399,3.43E-17,0,0.001642886,2.38E-05,0.941668633,0.009325
243000,111561,105255,0.00071282,0,0.003482702,0.000612209,3.43E-17,0,0.00164174,2.38E-05,0.939813102,0.009325
243600,111560,105255,0.000709849,0,0.003488352,0.000614021,3.43E-17,0,0.001640596,2.38E-05,0.937951234,0.009325
244200,111559,105255,0.000706888,0,0.003493978,0.000615837,3.43E-17,0,0.001639464,2.37E-05,0.936100536,0.009325
244800,111557,105255,0.000704189,0,0.003499394,0.000617656,3.43E-17,0,0.00163831,2.37E-05,0.934247393,0.009325
245400,111556,105255,0.000701447,0,0.003504842,0.000619477,3.43E-17,0,0.001637159,2.37E-05,0.932382778,0.009325
246000,111555,105255,0.000698673,0,0.003510304,0.000621302,3.43E-17,0,0.001636013,2.37E-05,0.930449623,0.009325
246600,111555,105255,0.00069583,0,0.003515818,0.00062313,3.43E-17,0,0.001634871,2.36E-05,0.928473383,0.009326
247200,111553,105255,0.000692984,0,0.003521354,0.000624953,3.43E-17,0,0.001633739,2.36E-05,0.926470601,0.009326
247800,111552,105255,0.000690184,0,0.00352685,0.000626784,3.43E-17,0,0.0016326,2.36E-05,0.924420262,0.009326
248400,111551,105255,0.000687357,0,0.003532388,0.000628619,3.43E-17,0,0.001631467,2.36E-05,0.922345419,0.009326
249000,111550,105255,0.000684501,0,0.003537955,0.00063046,3.43E-17,0,0.001630332,2.35E-05,0.920241645,0.009326
249600,111549,105255,0.000681627,0,0.003543551,0.000632303,3.43E-17,0,0.001629209,2.35E-05,0.918119227,0.009326
250200,111547,105255,0.000678718,0,0.003549149,0.000634149,3.43E-17,0,0.001628072,2.35E-05,0.915984579,0.009326
250800,111546,105255,0.000675814,0,0.003554774,0.000635998,3.43E-17,0,0.001626948,2.35E-05,0.913799954,0.009327
251400,111545,105255,0.000672851,0,0.003560428,0.00063785,3.43E-17,0,0.001625818,2.35E-05,0.911618886,0.009327
252000,111544,105255,0.000669894,0,0.003566092,0.000639705,3.43E-17,0,0.001624692,2.34E-05,0.909444931,0.009327
252600,111543,105255,0.000666935,0,0.003571766,0.000641561,3.43E-17,0,0.001623569,2.34E-05,0.907235053,0.009327
253200,111543,105255,0.000663907,0,0.003577495,0.00064342,3.43E-17,0,0.001622451,2.34E-05,0.905029284,0.009327
253800,111542,105255,0.000661013,0,0.003583084,0.000645282,3.43E-17,0,0.00162133,2.34E-05,0.902805184,0.009327
254400,111540,105255,0.000658117,0,0.003588678,0.000647145,3.43E-17,0,0.001620211,2.34E-05,0.900576055,0.009328
255000,111539,105255,0.00065514,0,0.00359434,0.000649011,3.43E-17,0,0.001619106,2.34E-05,0.89833449,0.009328
255600,111538,105255,0.000652238,0,0.003599954,0.000650878,3.43E-17,0,0.001618007,2.34E-05,0.89608236,0.009328
256200,111537,105255,0.000649243,0,0.003605617,0.000652748,3.43E-17,0,0.001616897,2.34E-05,0.893825743,0.009328
256800,111537,105255,0.000646167,0,0.003611353,0.000654626,3.43E-17,0,0.001615796,2.34E-05,0.891598066,0.009328
257400,111535,105255,0.000643069,0,0.00361711,0.0006565,3.43E-17,0,0.001614705,2.33E-05,0.889384899,0.009328
258000,111534,105255,0.000640112,0,0.00362276,0.000658373,3.43E-17,0,0.001613607,2.33E-05,0.887153712,0.009328
258600,111533,105255,0.000637197,0,0.003628367,0.000660246,3.43E-17,0,0.001612504,2.33E-05,0.884917428,0.009329
259200,111532,105255,0.000634251,0,0.003633986,0.00066212,3.43E-17,0,0.001611407,2.33E-05,0.882679354,0.009329
259800,111531,105255,0.000631376,0,0.003639549,0.000663995,3.43E-17,0,0.001610311,2.33E-05,0.880456869,0.009329
260400,111530,105255,0.000628485,0,0.003645102,0.000665871,3.43E-17,0,0.001609211,2.33E-05,0.878240849,0.009329
261000,111529,105255,0.000625441,0,0.003650766,0.000667749,3.43E-17,0,0.001608126,2.33E-05,0.876041712,0.009329
261600,111528,105255,0.000622503,0,0.003656365,0.000669625,3.43E-17,0,0.001607041,2.33E-05,0.873877844,0.009329
262200,111526,105255,0.000619665,0,0.003661865,0.000671504,3.43E-17,0,0.001605949,2.33E-05,0.871731197,0.009329
262800,111525,105255,0.000616831,0,0.003667368,0.000673388,3.43E-17,0,0.001604869,2.33E-05,0.869588178,0.00933
263400,111524,105255,0.000614055,0,0.003672799,0.000675271,3.43E-17,0,0.001603788,2.33E-05,0.867455617,0.00933
264000,111523,105255,0.000611409,0,0.003678176,0.000677155,3.43E-17,0,0.001602722,2.33E-05,0.86534709,0.00933
264600,111521,105255,0.000608782,0,0.003683433,0.000679039,3.43E-17,0,0.001601651,2.33E-05,0.863274296,0.00933
265200,111520,105255,0.000606145,0,0.003688688,0.000680924,3.43E-17,0,0.001600579,2.33E-05,0.861253414,0.00933
265800,111520,105255,0.000603479,0,0.003693969,0.000682811,3.43E-17,0,0.001599518,2.33E-05,0.859251063,0.00933
266400,111518,105255,0.000600824,0,0.003699262,0.000684698,3.43E-17,0,0.001598457,2.33E-05,0.857271902,0.00933
267000,111517,105255,0.000598159,0,0.003704553,0.000686584,3.43E-17,0,0.001597396,2.33E-05,0.855311713,0.009331
267600,111516,105255,0.000595418,0,0.003709911,0.000688471,3.43E-17,0,0.001596342,2.33E-05,0.853393362,0.009331
268200,111515,105255,0.00059273,0,0.00371522,0.000690359,3.43E-17,0,0.00159528,2.34E-05,0.851480227,0.009331
268800,111513,105255,0.000590118,0,0.003720476,0.000692246,3.43E-17,0,0.001594236,2.34E-05,0.849560678,0.009331
269400,111512,105255,0.000587583,0,0.003725611,0.000694133,3.43E-17,0,0.001593181,2.34E-05,0.847666525,0.009331
270000,111511,105255,0.000585078,0,0.00373071,0.000696021,3.43E-17,0,0.00159213,2.34E-05,0.845800181,0.009331
270600,111510,105255,0.000582568,0,0.003735853,0.000697908,3.43E-17,0,0.001591099,2.34E-05,0.84394519,0.009331
271200,111508,105255,0.000580045,0,0.00374099,0.000699795,3.43E-17,0,0.001590053,2.34E-05,0.842111846,0.009332
271800,111507,105255,0.000577518,0,0.003746121,0.000701682,3.43E-17,0,0.001589008,2.34E-05,0.840342536,0.009332
272400,111506,105255,0.000574965,0,0.003751318,0.000703569,3.43E-17,0,0.001587981,2.34E-05,0.838619055,0.009332
273000,111505,105255,0.000572295,0,0.003756555,0.000705458,3.43E-17,0,0.00158694,2.34E-05,0.836932065,0.009332
273600,111504,105255,0.000569664,0,0.003761789,0.000707346,3.43E-17,0,0.001585903,2.35E-05,0.835323649,0.009332
274200,111503,105255,0.000567029,0,0.003767038,0.000709233,3.43E-17,0,0.001584871,2.35E-05,0.833761822,0.009332
274800,111502,105255,0.00056438,0,0.003772288,0.00071112,3.43E-17,0,0.001583835,2.35E-05,0.832224639,0.009332
275400,111500,105255,0.000561701,0,0.003777598,0.000713007,3.43E-17,0,0.001582819,2.35E-05,0.830700817,0.009333
276000,111499,105255,0.000558904,0,0.003782931,0.000714894,3.43E-17,0,0.001581782,2.35E-05,0.829176477,0.009333
276600,111498,105255,0.000556224,0,0.003788206,0.000716732,3.43E-17,0,0.001580767,2.35E-05,0.82766679,0.009333
277200,111496,105255,0.000553565,0,0.003793442,0.000718545,3.43E-17,0,0.001579743,2.36E-05,0.826214047,0.009333
277800,111495,105255,0.000550894,0,0.003798694,0.00072036,3.43E-17,0,0.001578729,2.36E-05,0.824825392,0.009333
278400,111493,105255,0.000548201,0,0.003803971,0.000722175,3.43E-17,0,0.00157772,2.36E-05,0.823495636,0.009333
279000,111492,105255,0.000545663,0,0.003809077,0.000723992,3.43E-17,0,0.001576704,2.36E-05,0.822235545,0.009333
279600,111491,105255,0.000543137,0,0.003814179,0.00072581,3.43E-17,0,0.001575698,2.36E-05,0.821050511,0.009334
280200,111489,105255,0.000540574,0,0.003819291,0.000727628,3.43E-17,0,0.0015747,2.37E-05,0.819917725,0.009334
280800,111488,105255,0.000538073,0,0.003824348,0.000729447,3.43E-17,0,0.001573694,2.37E-05,0.818835034,0.009334
281400,111486,105255,0.000535543,0,0.003829422,0.000731265,3.43E-17,0,0.001572696,2.37E-05,0.817763497,0.009334
282000,111485,105255,0.000532994,0,0.003834493,0.000733085,3.43E-17,0,0.001571688,2.37E-05,0.816707231,0.009334
282600,111483,105255,0.000530415,0,0.003839631,0.000734905,3.43E-17,0,0.001570703,2.38E-05,0.815685071,0.009334
283200,111482,105255,0.000527738,0,0.003844787,0.000736725,3.43E-17,0,0.001569701,2.38E-05,0.814693,0.009334
283800,111480,105255,0.000525037,0,0.003849968,0.000738546,3.43E-17,0,0.001568711,2.38E-05,0.813721302,0.009335
284400,111479,105255,0.000522416,0,0.003855082,0.000740367,3.43E-17,0,0.00156772,2.38E-05,0.812757988,0.009335
285000,111477,105255,0.000519804,0,0.003860217,0.000742188,3.43E-17,0,0.001566745,2.39E-05,0.811816129,0.009335
285600,111475,105255,0.000515167,0,0.003867515,0.00074401,3.43E-17,0,0.001565732,2.39E-05,0.810912126,0.009335
286200,111473,105255,0.000512406,0,0.003872723,0.000745832,3.43E-17,0,0.001564751,2.39E-05,0.810026454,0.009335
286800,111474,105255,0.000509641,0,0.003877953,0.000747655,3.43E-17,0,0.001563774,2.39E-05,0.809159255,0.009335
287400,111472,105255,0.000506979,0,0.003883083,0.000749477,3.43E-17,0,0.001562798,2.40E-05,0.808364228,0.009335
288000,111470,105255,0.000504308,0,0.003888218,0.000751298,3.43E-17,0,0.001561827,2.40E-05,0.807588316,0.009336
288600,111469,105255,0.00050165,0,0.003893326,0.000753118,3.43E-17,0,0.001560855,2.40E-05,0.806834499,0.009336
289200,111467,105255,0.00049902,0,0.003898411,0.000754938,3.43E-17,0,0.001559891,2.41E-05,0.806116366,0.009336
289800,111466,105255,0.000496403,0,0.003903443,0.000756758,3.43E-17,0,0.001558917,2.41E-05,0.805468005,0.009336
290400,111465,105255,0.000493744,0,0.003908494,0.000758577,3.43E-17,0,0.001557957,2.41E-05,0.804908394,0.009336
291000,111463,105255,0.000491135,0,0.003913525,0.000760397,3.43E-17,0,0.001556996,2.42E-05,0.804410387,0.009336
291600,111462,105255,0.000488551,0,0.003918556,0.000762215,3.43E-17,0,0.001556047,2.42E-05,0.803935251,0.009336
292200,111460,105255,0.000485989,0,0.00392355,0.000764033,3.43E-17,0,0.001555092,2.42E-05,0.803506935,0.009337
292800,111459,105255,0.000483382,0,0.003928556,0.00076585,3.43E-17,0,0.001554126,2.43E-05,0.803127974,0.009337
293400,111458,105255,0.000480859,0,0.003933502,0.000767664,3.43E-17,0,0.001553181,2.43E-05,0.802792474,0.009337
294000,111457,105255,0.000478382,0,0.003938404,0.000769479,3.43E-17,0,0.001552237,2.43E-05,0.802450413,0.009337
294600,111455,105255,0.000475891,0,0.003943294,0.000771296,3.43E-17,0,0.001551287,2.44E-05,0.802130653,0.009337
295200,111454,105255,0.000473344,0,0.003948217,0.000773118,3.43E-17,0,0.001550351,2.44E-05,0.801829572,0.009337
295800,111453,105255,0.00047083,0,0.003953103,0.000774907,3.43E-17,0,0.001549416,2.44E-05,0.801534216,0.009337
296400,111451,105255,0.000468276,0,0.003957984,0.000776699,3.43E-17,0,0.00154847,2.45E-05,0.801238159,0.009337
297000,111449,105255,0.000465702,0,0.003962906,0.000778491,3.43E-17,0,0.001547546,2.45E-05,0.800984486,0.009338
297600,111448,105255,0.000463111,0,0.003967809,0.000780283,3.43E-17,0,0.00154661,2.45E-05,0.800813628,0.009338
298200,111446,105255,0.000460592,0,0.00397263,0.000782054,3.43E-17,0,0.001545689,2.46E-05,0.800697634,0.009338
298800,111445,105255,0.000458047,0,0.003977449,0.00078381,3.43E-17,0,0.001544765,2.46E-05,0.800595014,0.009338
299400,111444,105255,0.000455514,0,0.003982238,0.000785566,3.43E-17,0,0.001543844,2.46E-05,0.800490138,0.009338
300000,111443,105255,0.000452988,0,0.003987015,0.00078732,3.43E-17,0,0.001542931,2.47E-05,0.800393438,0.009338
300600,111442,105255,0.000450505,0,0.00399172,0.000789074,3.43E-17,0,0.001542015,2.47E-05,0.800323662,0.009338
301200,111440,105255,0.000448019,0,0.003996432,0.000790826,3.43E-17,0,0.001541109,2.48E-05,0.800315068,0.009339
301800,111439,105255,0.000445501,0,0.004001138,0.000792578,3.43E-17,0,0.001540201,2.48E-05,0.800382559,0.009339
302400,111437,105255,0.000442969,0,0.004005849,0.000794327,3.43E-17,0,0.001539302,2.48E-05,0.800497673,0.009339
303000,111436,105255,0.000440413,0,0.00401058,0.000796075,3.43E-17,0,0.001538402,2.49E-05,0.800666723,0.009339
303600,111434,105255,0.000437834,0,0.004015294,0.000797821,3.43E-17,0,0.001537502,2.49E-05,0.800867154,0.009339
304200,111433,105255,0.000435235,0,0.004020027,0.000799566,3.43E-17,0,0.001536602,2.50E-05,0.801093351,0.009339
304800,111432,105255,0.000432612,0,0.004024789,0.00080131,3.43E-17,0,0.001535719,2.50E-05,0.801397139,0.009339
305400,111430,105255,0.000429968,0,0.004029534,0.000803051,3.43E-17,0,0.001534824,2.50E-05,0.801706577,0.009339
306000,111429,105255,0.000427393,0,0.004034166,0.000804791,3.43E-17,0,0.001533933,2.51E-05,0.802029901,0.00934
306600,111427,105255,0.000424818,0,0.004038805,0.000806529,3.43E-17,0,0.001533053,2.51E-05,0.802355087,0.00934
307200,111426,105255,0.000422311,0,0.004043367,0.000808252,3.43E-17,0,0.001532182,2.52E-05,0.802709877,0.00934
307800,111425,105255,0.000419839,0,0.004047857,0.000809956,3.43E-17,0,0.001531306,2.52E-05,0.803080002,0.00934
308400,111424,105255,0.000417355,0,0.004052351,0.000811658,3.43E-17,0,0.001530433,2.52E-05,0.803499091,0.00934
309000,111422,105255,0.000414851,0,0.004056822,0.000813358,3.43E-17,0,0.00152956,2.53E-05,0.803946483,0.00934
309600,111421,105255,0.000412329,0,0.004061332,0.000815058,3.43E-17,0,0.001528695,2.53E-05,0.804437792,0.00934
310200,111419,105255,0.000409785,0,0.004065825,0.000816754,3.43E-17,0,0.001527826,2.54E-05,0.804930717,0.00934
310800,111418,105255,0.000407293,0,0.004070244,0.000818431,3.43E-17,0,0.001526958,2.54E-05,0.805441614,0.009341
311400,111417,105255,0.000404802,0,0.004074655,0.000820096,3.43E-17,0,0.001526102,2.54E-05,0.80597956,0.009341
312000,111416,105255,0.00040233,0,0.004079042,0.000821747,3.43E-17,0,0.001525245,2.55E-05,0.806552423,0.009341
312600,111414,105255,0.00039984,0,0.00408341,0.000823397,3.43E-17,0,0.001524382,2.55E-05,0.807133184,0.009341
313200,111413,105255,0.000397332,0,0.004087818,0.000825046,3.43E-17,0,0.001523538,2.56E-05,0.807705663,0.009341
313800,111411,105255,0.00039482,0,0.00409218,0.000826686,3.43E-17,0,0.00152268,2.56E-05,0.808312515,0.009341
314400,111410,105255,0.000392398,0,0.004096431,0.000828303,3.43E-17,0,0.001521833,2.56E-05,0.808940917,0.009341
315000,111409,105255,0.000389977,0,0.004100687,0.00082992,3.43E-17,0,0.00152099,2.57E-05,0.809591291,0.009341
315600,111407,105255,0.000387537,0,0.004104926,0.000831536,3.43E-17,0,0.001520148,2.57E-05,0.810232108,0.009342
316200,111406,105255,0.000385146,0,0.004109095,0.000833118,3.43E-17,0,0.001519307,2.58E-05,0.810889345,0.009342
316800,111405,105255,0.000382816,0,0.004113202,0.000834699,3.43E-17,0,0.00151847,2.58E-05,0.811543824,0.009342
317400,111403,105255,0.000380524,0,0.00411723,0.000836277,3.43E-17,0,0.001517633,2.58E-05,0.812211934,0.009342
318000,111402,105255,0.000378253,0,0.004121232,0.000837849,3.43E-17,0,0.001516802,2.59E-05,0.812898326,0.009342
318600,111401,105255,0.000376001,0,0.004125191,0.000839405,3.43E-17,0,0.00151597,2.59E-05,0.813572938,0.009342
319200,111400,105255,0.000373768,0,0.004129129,0.000840939,3.43E-17,0,0.001515144,2.60E-05,0.8142459,0.009342
319800,111399,105255,0.000371575,0,0.004133012,0.000842447,3.43E-17,0,0.001514322,2.60E-05,0.814936849,0.009342
320400,111397,105255,0.000369369,0,0.004136898,0.000843954,3.43E-17,0,0.001513502,2.60E-05,0.815649101,0.009342
321000,111396,105255,0.000367149,0,0.004140768,0.00084546,3.43E-17,0,0.001512676,2.61E-05,0.816371505,0.009343
321600,111395,105255,0.000364917,0,0.004144664,0.000846964,3.43E-17,0,0.001511868,2.61E-05,0.817133687,0.009343
322200,111394,105255,0.000362669,0,0.004148539,0.000848467,3.43E-17,0,0.001511047,2.62E-05,0.817923553,0.009343
322800,111392,105255,0.00036036,0,0.004152442,0.000849969,3.43E-17,0,0.001510228,2.62E-05,0.818714424,0.009343
323400,111391,105255,0.000357939,0,0.00415645,0.000851468,3.43E-17,0,0.001509428,2.63E-05,0.81958452,0.009343
324000,111390,105255,0.00035565,0,0.004160339,0.000852966,3.43E-17,0,0.001508622,2.63E-05,0.820493165,0.009343
324600,111389,105255,0.000353174,0,0.004164358,0.000854461,3.43E-17,0,0.001507823,2.63E-05,0.821390115,0.009343
325200,111388,105255,0.000350715,0,0.004168352,0.000855955,3.43E-17,0,0.001507027,2.64E-05,0.822285954,0.009343
325800,111387,105255,0.000348367,0,0.004172256,0.000857447,3.43E-17,0,0.001506217,2.64E-05,0.823194534,0.009343
326400,111386,105255,0.000346152,0,0.004175996,0.000858937,3.43E-17,0,0.00150542,2.65E-05,0.824117418,0.009344
327000,111385,105255,0.000344074,0,0.004179591,0.000860425,3.43E-17,0,0.001504614,2.65E-05,0.825033281,0.009344
327600,111384,105255,0.000342135,0,0.004183039,0.000861911,3.43E-17,0,0.00150382,2.65E-05,0.825941922,0.009344
328200,111383,105255,0.000340192,0,0.004186462,0.000863394,3.43E-17,0,0.001503026,2.66E-05,0.826867007,0.009344
328800,111382,105255,0.000338249,0,0.004189886,0.000864874,3.43E-17,0,0.001502228,2.66E-05,0.827787895,0.009344
329400,111381,105255,0.000336293,0,0.004193319,0.000866353,3.43E-17,0,0.001501438,2.67E-05,0.828678418,0.009344
330000,111380,105255,0.00033432,0,0.004196733,0.000867832,3.43E-17,0,0.001500641,2.67E-05,0.829556592,0.009344
330600,111378,105255,0.00033239,0,0.004200127,0.000869308,3.43E-17,0,0.001499858,2.68E-05,0.830432315,0.009344
331200,111377,105255,0.000330462,0,0.004203475,0.000870784,3.43E-17,0,0.001499064,2.68E-05,0.831342487,0.009344
331800,111376,105255,0.00032852,0,0.00420686,0.000872258,3.43E-17,0,0.001498278,2.68E-05,0.832242546,0.009345
332400,111375,105255,0.000326564,0,0.004210231,0.000873729,3.43E-17,0,0.00149749,2.69E-05,0.833156226,0.009345
333000,111374,105255,0.000324594,0,0.004213612,0.000875199,3.43E-17,0,0.001496705,2.69E-05,0.834060326,0.009345
333600,111373,105255,0.000322613,0,0.004216991,0.000876665,3.43E-17,0,0.001495923,2.70E-05,0.834937988,0.009345
334200,111372,105255,0.000320615,0,0.004220383,0.000878127,3.43E-17,0,0.001495144,2.70E-05,0.835774676,0.009345
334800,111371,105255,0.000318658,0,0.004223718,0.000879557,3.43E-17,0,0.001494368,2.70E-05,0.83657422,0.009345
335400,111370,105255,0.000316686,0,0.004227037,0.000880982,3.43E-17,0,0.001493585,2.71E-05,0.837361303,0.009345
336000,111370,105255,0.000314693,0,0.004230404,0.000882407,3.43E-17,0,0.001492817,2.71E-05,0.8381479,0.009345
336600,111369,105255,0.000312685,0,0.00423375,0.00088383,3.43E-17,0,0.001492041,2.72E-05,0.838914106,0.009345
337200,111367,105255,0.00031066,0,0.004237115,0.000885249,3.43E-17,0,0.001491269,2.72E-05,0.839650639,0.009345
337800,111366,105255,0.000308618,0,0.004240491,0.000886667,3.43E-17,0,0.0014905,2.73E-05,0.840346769,0.009346
338400,111365,105255,0.000306556,0,0.004243856,0.000888082,3.43E-17,0,0.001489725,2.73E-05,0.841050933,0.009346
339000,111364,105255,0.000304466,0,0.004247276,0.000889495,3.43E-17,0,0.001488966,2.73E-05,0.841767003,0.009346
339600,111362,105255,0.000302376,0,0.004250663,0.000890904,3.43E-17,0,0.001488197,2.74E-05,0.842463036,0.009346
340200,111361,105255,0.000300357,0,0.004253977,0.000892311,3.43E-17,0,0.001487435,2.74E-05,0.843132888,0.009346
340800,111360,105255,0.000298372,0,0.004257226,0.000893714,3.43E-17,0,0.001486668,2.75E-05,0.843781527,0.009346
341400,111358,105255,0.000296378,0,0.004260501,0.000895115,3.43E-17,0,0.001485913,2.75E-05,0.844393648,0.009346
342000,111357,105255,0.000294354,0,0.004263779,0.000896512,3.43E-17,0,0.001485154,2.75E-05,0.844991013,0.009346
342600,111356,105255,0.000292315,0,0.004267069,0.000897906,3.43E-17,0,0.001484397,2.76E-05,0.84556538,0.009346
343200,111354,105255,0.000290275,0,0.004270358,0.000899303,3.43E-17,0,0.001483642,2.76E-05,0.846099554,0.009346
343800,111353,105255,0.000288192,0,0.004273689,0.000900701,3.43E-17,0,0.001482893,2.77E-05,0.846606815,0.009347
344400,111351,105255,0.000286067,0,0.004277042,0.0009021,3.43E-17,0,0.001482143,2.77E-05,0.847137315,0.009347
345000,111350,105255,0.000283948,0,0.004280385,0.000903497,3.43E-17,0,0.001481393,2.77E-05,0.847700568,0.009347
345600,111349,105255,0.00028186,0,0.004283698,0.000904891,3.43E-17,0,0.001480646,2.78E-05,0.848243831,0.009347
346200,111349,105255,0.000279788,0,0.004286968,0.000906269,3.43E-17,0,0.001479898,2.78E-05,0.848787092,0.009347
346800,111347,105255,0.000277765,0,0.004290183,0.000907621,3.43E-17,0,0.001479146,2.79E-05,0.84929823,0.009347
347400,111345,105255,0.000275728,0,0.004293432,0.000908969,3.43E-17,0,0.001478411,2.79E-05,0.849794058,0.009347
348000,111344,105255,0.000273705,0,0.004296616,0.000910315,3.43E-17,0,0.001477665,2.79E-05,0.850320705,0.009347
348600,111342,105255,0.000271723,0,0.004299776,0.000911623,3.43E-17,0,0.001476931,2.80E-05,0.850832097,0.009347
349200,111341,105255,0.00026975,0,0.004302909,0.000912911,3.43E-17,0,0.001476197,2.80E-05,0.851307625,0.009347
349800,111339,105255,0.000267761,0,0.004306054,0.000914197,3.43E-17,0,0.001475465,2.81E-05,0.851752921,0.009348
350400,111337,105255,0.000265755,0,0.004309211,0.00091548,3.43E-17,0,0.001474737,2.81E-05,0.85218454,0.009348
351000,111336,105255,0.00026373,0,0.004312361,0.00091676,3.43E-17,0,0.001474002,2.81E-05,0.852609843,0.009348
351600,111334,105255,0.00026175,0,0.004315479,0.000918037,3.43E-17,0,0.001473279,2.82E-05,0.853056014,0.009348
352200,111333,105255,0.000259791,0,0.004318552,0.000919312,3.43E-17,0,0.001472554,2.82E-05,0.853519579,0.009348
352800,111331,105255,0.000257822,0,0.004321656,0.000920585,3.43E-17,0,0.001471833,2.83E-05,0.853991821,0.009348
353400,111329,105255,0.000255838,0,0.004324739,0.000921854,3.43E-17,0,0.001471112,2.83E-05,0.854489022,0.009348
354000,111327,105255,0.000253836,0,0.004327835,0.000923135,3.43E-17,0,0.001470394,2.83E-05,0.855038297,0.009348
354600,111326,105255,0.000251846,0,0.004330908,0.000924397,3.43E-17,0,0.001469675,2.84E-05,0.855591625,0.009348
355200,111324,105255,0.000249939,0,0.004333912,0.000925603,3.43E-17,0,0.00146897,2.84E-05,0.856174213,0.009348
355800,111321,105255,0.000246783,0,0.004337818,0.000926797,3.43E-17,0,0.001468355,2.84E-05,0.856754551,0.009349
356400,111320,105255,0.000246204,0,0.004339793,0.000927988,3.43E-17,0,0.001467548,2.85E-05,0.857324284,0.009349
357000,111321,105255,0.000246015,0,0.004341475,0.000929176,3.43E-17,0,0.001466709,2.85E-05,0.857896269,0.009349
357600,111320,105255,0.000245597,0,0.004343314,0.00093036,3.43E-17,0,0.001465886,2.86E-05,0.858469403,0.009349
358200,111320,105255,0.000245503,0,0.004344918,0.000931542,3.43E-17,0,0.001465048,2.86E-05,0.859032264,0.009349
358800,111320,105255,0.000245466,0,0.004346472,0.000932723,3.43E-17,0,0.001464202,2.86E-05,0.859556855,0.009349
359400,111320,105255,0.000245396,0,0.004348062,0.000933904,3.43E-17,0,0.001463361,2.87E-05,0.860058518,0.009349
360000,111320,105255,0.000245437,0,0.004349553,0.000935085,3.43E-17,0,0.001462512,2.87E-05,0.860542096,0.009349
360600,111320,105255,0.00024538,0,0.00435113,0.000936263,3.43E-17,0,0.001461664,2.88E-05,0.861018815,0.009349
361200,111320,105255,0.000245427,0,0.004352615,0.000937438,3.43E-17,0,0.001460815,2.88E-05,0.861463995,0.009349
361800,111320,105255,0.000245375,0,0.004354184,0.00093861,3.43E-17,0,0.001459973,2.88E-05,0.861870226,0.009349
362400,111320,105255,0.000245423,0,0.004355661,0.000939779,3.43E-17,0,0.001459125,2.89E-05,0.862275196,0.00935
363000,111320,105255,0.000245423,0,0.004357189,0.000940944,3.43E-17,0,0.001458279,2.89E-05,0.862657868,0.00935
363600,111320,105255,0.000245373,0,0.004358741,0.000942104,3.43E-17,0,0.001457438,2.89E-05,0.86300227,0.00935
364200,111320,105255,0.000245421,0,0.004360244,0.000943262,3.43E-17,0,0.001456601,2.90E-05,0.86331846,0.00935
364800,111320,105255,0.000245373,0,0.004361794,0.000944415,3.43E-17,0,0.001455761,2.90E-05,0.863634227,0.00935
365400,111320,105255,0.000245422,0,0.004363282,0.000945564,3.43E-17,0,0.001454918,2.90E-05,0.863957627,0.00935
366000,111320,105255,0.000245372,0,0.004364831,0.000946709,3.43E-17,0,0.001454079,2.91E-05,0.864270157,0.00935
366600,111320,105255,0.000245422,0,0.004366318,0.000947851,3.43E-17,0,0.001453243,2.91E-05,0.864561668,0.00935
367200,111320,105255,0.000245424,0,0.004367828,0.000948988,3.43E-17,0,0.0014524,2.92E-05,0.864840771,0.00935
367800,111320,105255,0.000245375,0,0.004369396,0.00095012,3.43E-17,0,0.001451572,2.92E-05,0.865090601,0.00935
368400,111320,105255,0.000245424,0,0.004370874,0.00095125,3.43E-17,0,0.001450731,2.92E-05,0.865288483,0.00935
369000,111320,105255,0.000245373,0,0.004372441,0.000952374,3.43E-17,0,0.001449904,2.93E-05,0.865450719,0.009351
369600,111320,105255,0.000245423,0,0.004373918,0.000953495,3.43E-17,0,0.00144907,2.93E-05,0.865592171,0.009351
370200,111320,105255,0.000245376,0,0.004375475,0.000954611,3.43E-17,0,0.001448237,2.93E-05,0.865711475,0.009351
370800,111320,105255,0.000245424,0,0.00437695,0.000955723,3.43E-17,0,0.001447404,2.94E-05,0.865870096,0.009351
371400,111320,105255,0.000245427,0,0.004378448,0.000956831,3.43E-17,0,0.001446564,2.94E-05,0.866070081,0.009351
372000,111320,105255,0.000245378,0,0.004380031,0.000957934,3.43E-17,0,0.001445748,2.94E-05,0.866297416,0.009351
372600,111320,105255,0.000245427,0,0.004381498,0.000959033,3.43E-17,0,0.00144491,2.95E-05,0.866510682,0.009351
373200,111320,105255,0.000245377,0,0.004383053,0.000960127,3.43E-17,0,0.001444086,2.95E-05,0.866736335,0.009351
373800,111320,105255,0.000245427,0,0.004384539,0.000961218,3.43E-17,0,0.001443259,2.95E-05,0.866976652,0.009351
374400,111320,105255,0.000245378,0,0.004386086,0.000962303,3.43E-17,0,0.001442435,2.96E-05,0.867201281,0.009351
375000,111320,105255,0.000245428,0,0.004387576,0.000963385,3.43E-17,0,0.001441614,2.96E-05,0.86737555,0.009351
375600,111320,105255,0.000245431,0,0.004389088,0.000964462,3.43E-17,0,0.001440786,2.96E-05,0.867502233,0.009352
376200,111320,105255,0.000245382,0,0.004390654,0.000965535,3.43E-17,0,0.001439972,2.97E-05,0.867601334,0.009352
376800,111320,105255,0.000245431,0,0.004392109,0.000966603,3.43E-17,0,0.001439138,2.97E-05,0.867695986,0.009352
377400,111320,105255,0.00024538,0,0.00439368,0.000967666,3.43E-17,0,0.001438326,2.97E-05,0.867779775,0.009352
378000,111320,105255,0.000245431,0,0.004395154,0.000968725,3.43E-17,0,0.001437501,2.98E-05,0.867840359,0.009352
378600,111320,105255,0.000245382,0,0.004396717,0.000969779,3.43E-17,0,0.001436689,2.98E-05,0.867852105,0.009352
379200,111320,105255,0.000245432,0,0.004398195,0.000970828,3.43E-17,0,0.001435866,2.98E-05,0.867931208,0.009352
379800,111320,105255,0.000245435,0,0.004399718,0.000971873,3.43E-17,0,0.00143505,2.99E-05,0.868019841,0.009352
380400,111320,105255,0.000245386,0,0.004401278,0.000972912,3.43E-17,0,0.001434239,2.99E-05,0.868108212,0.009352
381000,111320,105255,0.000245435,0,0.004402748,0.000973948,3.43E-17,0,0.001433417,2.99E-05,0.868157752,0.009352
381600,111320,105255,0.000245385,0,0.004404328,0.000974977,3.43E-17,0,0.001432616,3.00E-05,0.868191449,0.009352
382200,111320,105255,0.000245436,0,0.004405791,0.000976003,3.43E-17,0,0.001431794,3.00E-05,0.868204786,0.009353
382800,111320,105255,0.000245386,0,0.004407369,0.000977023,3.43E-17,0,0.001430995,3.00E-05,0.868194241,0.009353
383400,111320,105255,0.000245437,0,0.00440883,0.000978038,3.43E-17,0,0.001430174,3.01E-05,0.868185952,0.009353
384000,111320,105255,0.00024544,0,0.004410369,0.000979049,3.43E-17,0,0.00142937,3.01E-05,0.868155136,0.009353
384600,111320,105255,0.000245391,0,0.004411916,0.000980054,3.43E-17,0,0.001428562,3.01E-05,0.868094012,0.009353
385200,111320,105255,0.00024544,0,0.004413398,0.000981055,3.43E-17,0,0.001427751,3.02E-05,0.868009885,0.009353
385800,111320,105255,0.000245392,0,0.004414966,0.00098205,3.43E-17,0,0.001426953,3.02E-05,0.867887225,0.009353
386400,111320,105255,0.000245441,0,0.004416444,0.00098304,3.43E-17,0,0.001426144,3.02E-05,0.867710447,0.009353
387000,111320,105255,0.000245391,0,0.004418012,0.000984025,3.43E-17,0,0.001425341,3.03E-05,0.867486778,0.009353
387600,111320,105255,0.000245443,0,0.004419509,0.000985005,3.43E-17,0,0.001424546,3.03E-05,0.867213014,0.009353
388200,111320,105255,0.000245445,0,0.004421009,0.000985981,3.43E-17,0,0.001423736,3.03E-05,0.866890803,0.009353
388800,111320,105255,0.000245394,0,0.004422595,0.00098695,3.43E-17,0,0.001422949,3.03E-05,0.866574504,0.009353
389400,111320,105255,0.000245445,0,0.004424064,0.000987915,3.43E-17,0,0.001422141,3.04E-05,0.866218652,0.009354
390000,111320,105255,0.000245396,0,0.004425648,0.000988875,3.43E-17,0,0.001421349,3.04E-05,0.865827708,0.009354
390600,111320,105255,0.000245446,0,0.004427109,0.00098983,3.43E-17,0,0.001420548,3.04E-05,0.865383412,0.009354
391200,111320,105255,0.000245397,0,0.004428686,0.000990778,3.43E-17,0,0.001419756,3.05E-05,0.864876173,0.009354
391800,111320,105255,0.000245447,0,0.004430173,0.000991722,3.43E-17,0,0.001418959,3.05E-05,0.864315478,0.009354
392400,111320,105255,0.00024545,0,0.004431688,0.000992661,3.43E-17,0,0.001418166,3.05E-05,0.863710105,0.009354
393000,111320,105255,0.0002454,0,0.004433258,0.000993594,3.43E-17,0,0.001417376,3.06E-05,0.863108139,0.009354
393600,111320,105255,0.00024545,0,0.004434742,0.000994522,3.43E-17,0,0.001416579,3.06E-05,0.862572343,0.009354
394200,111320,105255,0.000245403,0,0.004436308,0.000995444,3.43E-17,0,0.001415796,3.06E-05,0.862037098,0.009354
394800,111320,105255,0.000245452,0,0.004437786,0.000996361,3.43E-17,0,0.001415,3.06E-05,0.861586075,0.009354
395400,111320,105255,0.000245404,0,0.004439378,0.000997272,3.43E-17,0,0.00141422,3.07E-05,0.861155261,0.009354
396000,111320,105255,0.000245453,0,0.004440849,0.000998178,3.43E-17,0,0.001413431,3.07E-05,0.860751241,0.009354
396600,111320,105255,0.000245455,0,0.004442381,0.000999079,3.43E-17,0,0.001412644,3.07E-05,0.860357232,0.009355
397200,111320,105255,0.000245407,0,0.004443937,0.000999974,3.43E-17,0,0.001411856,3.07E-05,0.859985479,0.009355
397800,111320,105255,0.000245456,0,0.004445433,0.00100086,3.43E-17,0,0.001411077,3.08E-05,0.859627546,0.009355
398400,111320,105255,0.000245406,0,0.004446989,0.00100175,3.43E-17,0,0.001410291,3.08E-05,0.859294737,0.009355
399000,111320,105255,0.000245458,0,0.004448475,0.00100263,3.43E-17,0,0.001409506,3.08E-05,0.858995311,0.009355
399600,111320,105255,0.000245408,0,0.004450051,0.0010035,3.43E-17,0,0.001408735,3.09E-05,0.858656717,0.009355
400200,111320,105255,0.000245459,0,0.004451543,0.00100437,3.43E-17,0,0.001407951,3.09E-05,0.85827807,0.009355
400800,111320,105255,0.000245462,0,0.004453053,0.00100523,3.43E-17,0,0.001407167,3.09E-05,0.857890737,0.009355
401400,111320,105255,0.000245411,0,0.004454626,0.00100609,3.43E-17,0,0.001406396,3.09E-05,0.857502116,0.009355
402000,111320,105255,0.000245462,0,0.00445611,0.00100694,3.43E-17,0,0.001405614,3.10E-05,0.857105022,0.009355
402600,111320,105255,0.000245412,0,0.004457676,0.00100778,3.43E-17,0,0.001404844,3.10E-05,0.856692498,0.009355
403200,111320,105255,0.000245463,0,0.004459157,0.00100862,3.43E-17,0,0.001404062,3.10E-05,0.856240932,0.009355
403800,111320,105255,0.000245413,0,0.004460723,0.00100946,3.43E-17,0,0.001403288,3.10E-05,0.855774372,0.009356
404400,111320,105255,0.000245464,0,0.004462225,0.00101028,3.43E-17,0,0.001402521,3.11E-05,0.855295011,0.009356
405000,111320,105255,0.000245467,0,0.004463756,0.00101111,3.43E-17,0,0.001401748,3.11E-05,0.854818841,0.009356
405600,111320,105255,0.000245415,0,0.004465319,0.00101192,3.43E-17,0,0.001400975,3.11E-05,0.85435653,0.009356
406200,111320,105255,0.000245465,0,0.004466814,0.00101273,3.43E-17,0,0.001400209,3.11E-05,0.85390599,0.009356
406800,111320,105255,0.000245416,0,0.004468374,0.00101354,3.43E-17,0,0.001399436,3.12E-05,0.853463828,0.009356
407400,111320,105255,0.000245466,0,0.004469867,0.00101434,3.43E-17,0,0.001398671,3.12E-05,0.852980873,0.009356
408000,111320,105255,0.000245419,0,0.004471419,0.00101513,3.43E-17,0,0.001397899,3.12E-05,0.852460175,0.009356
408600,111320,105255,0.000245468,0,0.004472917,0.00101592,3.43E-17,0,0.00139713,3.12E-05,0.851929293,0.009356
409200,111320,105255,0.000245469,0,0.004474438,0.00101671,3.43E-17,0,0.001396365,3.13E-05,0.85137051,0.009356
409800,111320,105255,0.000245421,0,0.00447601,0.00101748,3.43E-17,0,0.001395602,3.13E-05,0.850814937,0.009356
410400,111320,105255,0.000245469,0,0.004477501,0.00101826,3.43E-17,0,0.001394834,3.13E-05,0.850284338,0.009356
411000,111320,105255,0.000245421,0,0.004479076,0.00101902,3.43E-17,0,0.001394077,3.13E-05,0.849744156,0.009357
411600,111320,105255,0.00024547,0,0.004480565,0.00101978,3.43E-17,0,0.00139331,3.14E-05,0.849152912,0.009357
412200,111320,105255,0.000245421,0,0.004482134,0.00102054,3.43E-17,0,0.001392554,3.14E-05,0.848544895,0.009357
412800,111320,105255,0.00024547,0,0.004483616,0.00102129,3.43E-17,0,0.001391787,3.14E-05,0.847931057,0.009357
413400,111320,105255,0.000245473,0,0.004485158,0.00102203,3.43E-17,0,0.001391027,3.14E-05,0.847277771,0.009357
414000,111320,105255,0.000245421,0,0.004486726,0.00102277,3.43E-17,0,0.001390273,3.15E-05,0.846611089,0.009357
414600,111320,105255,0.000245471,0,0.004488205,0.0010235,3.43E-17,0,0.001389507,3.15E-05,0.845921374,0.009357
415200,111320,105255,0.000245421,0,0.004489771,0.00102423,3.43E-17,0,0.001388754,3.15E-05,0.845260945,0.009357
415800,111320,105255,0.000245471,0,0.004491275,0.00102495,3.43E-17,0,0.001387997,3.15E-05,0.844581861,0.009357
416400,111320,105255,0.000245421,0,0.004492846,0.00102567,3.43E-17,0,0.001387244,3.16E-05,0.843901575,0.009357
417000,111320,105255,0.000245471,0,0.004494315,0.00102638,3.43E-17,0,0.001386479,3.16E-05,0.843207452,0.009357
417600,111320,105255,0.000245473,0,0.004495848,0.00102708,3.43E-17,0,0.001385723,3.16E-05,0.84248151,0.009357
418200,111320,105255,0.000245423,0,0.004497438,0.00102778,3.43E-17,0,0.001384979,3.16E-05,0.841724818,0.009358
418800,111320,105255,0.000245471,0,0.004498912,0.00102848,3.43E-17,0,0.001384216,3.16E-05,0.841019701,0.009358
419400,111320,105255,0.000245422,0,0.0045005,0.00102917,3.43E-17,0,0.001383473,3.17E-05,0.84028909,0.009358
420000,111320,105255,0.000245471,0,0.004501972,0.00102985,3.43E-17,0,0.00138271,3.17E-05,0.839531746,0.009358
420600,111320,105255,0.00024542,0,0.00450356,0.00103053,3.43E-17,0,0.001381969,3.17E-05,0.838772014,0.009358
421200,111320,105255,0.00024547,0,0.004505029,0.0010312,3.43E-17,0,0.001381206,3.17E-05,0.837991453,0.009358
421800,111320,105255,0.000245472,0,0.004506584,0.00103186,3.43E-17,0,0.001380466,3.17E-05,0.837263653,0.009358
422400,111320,105255,0.00024542,0,0.004508142,0.00103252,3.43E-17,0,0.001379711,3.18E-05,0.836537719,0.009358
423000,111320,105255,0.00024547,0,0.004509633,0.00103318,3.43E-17,0,0.001378958,3.18E-05,0.835846028,0.009358
423600,111320,105255,0.000245419,0,0.004511217,0.00103383,3.43E-17,0,0.001378219,3.18E-05,0.835188573,0.009358
424200,111320,105255,0.00024547,0,0.00451271,0.00103447,3.43E-17,0,0.001377466,3.18E-05,0.834551865,0.009358
424800,111320,105255,0.00024542,0,0.004514259,0.00103511,3.43E-17,0,0.001376718,3.18E-05,0.833903028,0.009358
425400,111320,105255,0.000245469,0,0.004515751,0.00103575,3.43E-17,0,0.001375967,3.19E-05,0.833315403,0.009358
426000,111320,105255,0.000245469,0,0.004517302,0.00103637,3.43E-17,0,0.001375229,3.19E-05,0.83277371,0.009359
426600,111320,105255,0.00024542,0,0.004518876,0.001037,3.43E-17,0,0.001374485,3.19E-05,0.832207254,0.009359
427200,111320,105255,0.000245467,0,0.004520367,0.00103761,3.43E-17,0,0.001373741,3.19E-05,0.831596795,0.009359
427800,111320,105255,0.000245417,0,0.004521919,0.00103822,3.43E-17,0,0.001372989,3.19E-05,0.830955097,0.009359
428400,111320,105255,0.000245466,0,0.00452343,0.00103883,3.43E-17,0,0.001372253,3.20E-05,0.83026905,0.009359
429000,111320,105255,0.000245415,0,0.00452498,0.00103943,3.43E-17,0,0.001371503,3.20E-05,0.829550146,0.009359
429600,111320,105255,0.000245464,0,0.004526495,0.00104002,3.43E-17,0,0.001370768,3.20E-05,0.828794166,0.009359
430200,111320,105255,0.000245466,0,0.004528006,0.00104061,3.43E-17,0,0.001370018,3.20E-05,0.828004541,0.009359
430800,111320,105255,0.000245415,0,0.004529582,0.0010412,3.43E-17,0,0.001369282,3.20E-05,0.827209244,0.009359
431400,111320,105255,0.000245463,0,0.004531068,0.00104178,3.43E-17,0,0.001368534,3.21E-05,0.826397246,0.009359
432000,111320,105255,0.000245411,0,0.004532643,0.00104235,3.43E-17,0,0.001367799,3.21E-05,0.825548981,0.009359
